{
  "Name": {
    "UI_RelicIcon_10000_2": "初学者之羽",
    "UI_RelicIcon_10000_4": "初学者之花",
    "UI_RelicIcon_10001_5": "感别之冠",
    "UI_RelicIcon_10001_1": "故人之心",
    "UI_RelicIcon_10001_2": "归乡之羽",
    "UI_RelicIcon_10001_3": "逐光之石",
    "UI_RelicIcon_10001_4": "异国之盏",
    "UI_RelicIcon_10002_1": "勇士的壮行",
    "UI_RelicIcon_10002_2": "勇士的期许",
    "UI_RelicIcon_10002_3": "勇士的冠冕",
    "UI_RelicIcon_10002_4": "勇士的勋章",
    "UI_RelicIcon_10002_5": "勇士的坚毅",
    "UI_RelicIcon_10003_1": "守护之皿",
    "UI_RelicIcon_10003_2": "守护徽印",
    "UI_RelicIcon_10003_3": "守护束带",
    "UI_RelicIcon_10003_4": "守护之花",
    "UI_RelicIcon_10003_5": "守护座钟",
    "UI_RelicIcon_10004_1": "奇迹之杯",
    "UI_RelicIcon_10004_2": "奇迹之羽",
    "UI_RelicIcon_10004_3": "奇迹耳坠",
    "UI_RelicIcon_10004_4": "奇迹之花",
    "UI_RelicIcon_10004_5": "奇迹之沙",
    "UI_RelicIcon_10005_1": "战狂的骨杯",
    "UI_RelicIcon_10005_2": "战狂的翎羽",
    "UI_RelicIcon_10005_3": "战狂的鬼面",
    "UI_RelicIcon_10005_4": "战狂的蔷薇",
    "UI_RelicIcon_10005_5": "战狂的时计",
    "UI_RelicIcon_10006_1": "武人的酒杯",
    "UI_RelicIcon_10006_2": "武人的羽饰",
    "UI_RelicIcon_10006_3": "武人的头巾",
    "UI_RelicIcon_10006_4": "武人的红花",
    "UI_RelicIcon_10006_5": "武人的水漏",
    "UI_RelicIcon_10007_1": "教官的茶杯",
    "UI_RelicIcon_10007_2": "教官的羽饰",
    "UI_RelicIcon_10007_3": "教官的帽子",
    "UI_RelicIcon_10007_4": "教官的胸花",
    "UI_RelicIcon_10007_5": "教官的怀表",
    "UI_RelicIcon_10008_1": "赌徒的骰盅",
    "UI_RelicIcon_10008_2": "赌徒的羽饰",
    "UI_RelicIcon_10008_3": "赌徒的耳环",
    "UI_RelicIcon_10008_4": "赌徒的胸花",
    "UI_RelicIcon_10008_5": "赌徒的怀表",
    "UI_RelicIcon_10009_1": "流放者之杯",
    "UI_RelicIcon_10009_2": "流放者之羽",
    "UI_RelicIcon_10009_3": "流放者头冠",
    "UI_RelicIcon_10009_4": "流放者之花",
    "UI_RelicIcon_10009_5": "流放者怀表",
    "UI_RelicIcon_10010_1": "冒险家金杯",
    "UI_RelicIcon_10010_2": "冒险家尾羽",
    "UI_RelicIcon_10010_3": "冒险家头带",
    "UI_RelicIcon_10010_4": "冒险家之花",
    "UI_RelicIcon_10010_5": "冒险家怀表",
    "UI_RelicIcon_10011_1": "幸运儿之杯",
    "UI_RelicIcon_10011_2": "幸运儿鹰羽",
    "UI_RelicIcon_10011_3": "幸运儿银冠",
    "UI_RelicIcon_10011_4": "幸运儿绿花",
    "UI_RelicIcon_10011_5": "幸运儿沙漏",
    "UI_RelicIcon_10012_1": "学士的墨杯",
    "UI_RelicIcon_10012_2": "学士的羽笔",
    "UI_RelicIcon_10012_3": "学士的镜片",
    "UI_RelicIcon_10012_4": "学士的书签",
    "UI_RelicIcon_10012_5": "学士的时钟",
    "UI_RelicIcon_10013_1": "游医的药壶",
    "UI_RelicIcon_10013_2": "游医的枭羽",
    "UI_RelicIcon_10013_3": "游医的方巾",
    "UI_RelicIcon_10013_4": "游医的银莲",
    "UI_RelicIcon_10013_5": "游医的怀钟",
    "UI_RelicIcon_14001_1": "遍结寒霜的傲骨",
    "UI_RelicIcon_14001_2": "摧冰而行的执望",
    "UI_RelicIcon_14001_3": "破冰踏雪的回音",
    "UI_RelicIcon_14001_4": "历经风雪的思念",
    "UI_RelicIcon_14001_5": "冰雪故园的终期",
    "UI_RelicIcon_14002_1": "平雷之器",
    "UI_RelicIcon_14002_2": "平雷之羽",
    "UI_RelicIcon_14002_3": "平雷之冠",
    "UI_RelicIcon_14002_4": "平雷之心",
    "UI_RelicIcon_14002_5": "平雷之刻",
    "UI_RelicIcon_14003_1": "渡火者的醒悟",
    "UI_RelicIcon_14003_2": "渡火者的解脱",
    "UI_RelicIcon_14003_3": "渡火者的智慧",
    "UI_RelicIcon_14003_4": "渡火者的决绝",
    "UI_RelicIcon_14003_5": "渡火者的煎熬",
    "UI_RelicIcon_14004_1": "少女片刻的闲暇",
    "UI_RelicIcon_14004_2": "少女飘摇的思念",
    "UI_RelicIcon_14004_3": "少女易逝的芳颜",
    "UI_RelicIcon_14004_4": "远方的少女之心",
    "UI_RelicIcon_14004_5": "少女苦短的良辰",
    "UI_RelicIcon_15001_1": "角斗士的酣醉",
    "UI_RelicIcon_15001_2": "角斗士的归宿",
    "UI_RelicIcon_15001_3": "角斗士的凯旋",
    "UI_RelicIcon_15001_4": "角斗士的留恋",
    "UI_RelicIcon_15001_5": "角斗士的希冀",
    "UI_RelicIcon_15002_1": "翠绿猎人的容器",
    "UI_RelicIcon_15002_2": "猎人青翠的箭羽",
    "UI_RelicIcon_15002_3": "翠绿的猎人之冠",
    "UI_RelicIcon_15002_4": "野花记忆的绿野",
    "UI_RelicIcon_15002_5": "翠绿猎人的笃定",
    "UI_RelicIcon_15003_1": "吟游者之壶",
    "UI_RelicIcon_15003_2": "琴师的箭羽",
    "UI_RelicIcon_15003_3": "指挥的礼帽",
    "UI_RelicIcon_15003_4": "乐团的晨光",
    "UI_RelicIcon_15003_5": "终幕的时计",
    "UI_RelicIcon_15004_1": "北风之盏",
    "UI_RelicIcon_15004_2": "雪藏之羽",
    "UI_RelicIcon_15004_3": "冰河之冠",
    "UI_RelicIcon_15004_4": "凛冬霜心",
    "UI_RelicIcon_15004_5": "凝冰成砂",
    "UI_RelicIcon_15005_1": "降雷的凶兆",
    "UI_RelicIcon_15005_2": "雷灾的孑遗",
    "UI_RelicIcon_15005_3": "唤雷的头冠",
    "UI_RelicIcon_15005_4": "雷鸟的怜悯",
    "UI_RelicIcon_15005_5": "雷霆的时计",
    "UI_RelicIcon_15006_1": "魔女的心之火",
    "UI_RelicIcon_15006_2": "魔女常燃之羽",
    "UI_RelicIcon_15006_3": "焦灼的魔女帽",
    "UI_RelicIcon_15006_4": "魔女的炎之花",
    "UI_RelicIcon_15006_5": "魔女破灭之时",
    "UI_RelicIcon_15007_1": "宗室银瓮",
    "UI_RelicIcon_15007_2": "宗室之翎",
    "UI_RelicIcon_15007_3": "宗室面具",
    "UI_RelicIcon_15007_4": "宗室之花",
    "UI_RelicIcon_15007_5": "宗室时计",
    "UI_RelicIcon_15008_1": "染血骑士之杯",
    "UI_RelicIcon_15008_2": "染血的黑之羽",
    "UI_RelicIcon_15008_3": "染血的铁假面",
    "UI_RelicIcon_15008_4": "染血的铁之心",
    "UI_RelicIcon_15008_5": "骑士染血之时",
    "UI_RelicIcon_15009_3": "祭火礼冠",
    "UI_RelicIcon_15010_3": "祭水礼冠",
    "UI_RelicIcon_15011_3": "祭雷礼冠",
    "UI_RelicIcon_15012_3": "祭风礼冠",
    "UI_RelicIcon_15013_3": "祭冰礼冠",
    "UI_RelicIcon_15014_1": "巉岩琢塑之樽",
    "UI_RelicIcon_15014_2": "嵯峨群峰之翼",
    "UI_RelicIcon_15014_3": "不动玄石之相",
    "UI_RelicIcon_15014_4": "磐陀裂生之花",
    "UI_RelicIcon_15014_5": "星罗圭璧之晷",
    "UI_RelicIcon_15015_1": "夏祭水玉",
    "UI_RelicIcon_15015_2": "夏祭终末",
    "UI_RelicIcon_15015_3": "夏祭之面",
    "UI_RelicIcon_15015_4": "夏祭之花",
    "UI_RelicIcon_15015_5": "夏祭之刻",
    "UI_RelicIcon_15016_1": "沉波之盏",
    "UI_RelicIcon_15016_2": "追忆之风",
    "UI_RelicIcon_15016_3": "酒渍船帽",
    "UI_RelicIcon_15016_4": "饰金胸花",
    "UI_RelicIcon_15016_5": "坚铜罗盘",
    "UI_RelicIcon_15017_1": "盟誓金爵",
    "UI_RelicIcon_15017_2": "昭武翎羽",
    "UI_RelicIcon_15017_3": "将帅兜鍪",
    "UI_RelicIcon_15017_4": "勋绩之花",
    "UI_RelicIcon_15017_5": "金铜时晷",
    "UI_RelicIcon_15018_1": "超越之盏",
    "UI_RelicIcon_15018_2": "贤医之羽",
    "UI_RelicIcon_15018_3": "嗤笑之面",
    "UI_RelicIcon_15018_4": "无垢之花",
    "UI_RelicIcon_15018_5": "停摆之刻",
    "UI_RelicIcon_15019_1": "祈望之心",
    "UI_RelicIcon_15019_2": "思忆之矢",
    "UI_RelicIcon_15019_3": "无常之面",
    "UI_RelicIcon_15019_4": "羁缠之花",
    "UI_RelicIcon_15019_5": "朝露之时",
    "UI_RelicIcon_15020_1": "绯花之壶",
    "UI_RelicIcon_15020_2": "切落之羽",
    "UI_RelicIcon_15020_3": "华饰之兜",
    "UI_RelicIcon_15020_4": "明威之镡",
    "UI_RelicIcon_15020_5": "雷云之笼",
    "UI_RelicIcon_15021_1": "梦醒之瓢",
    "UI_RelicIcon_15021_2": "华馆之羽",
    "UI_RelicIcon_15021_3": "形骸之笠",
    "UI_RelicIcon_15021_4": "荣花之期",
    "UI_RelicIcon_15021_5": "众生之谣",
    "UI_RelicIcon_15022_1": "真珠之笼",
    "UI_RelicIcon_15022_2": "渊宫之羽",
    "UI_RelicIcon_15022_3": "海祇之冠",
    "UI_RelicIcon_15022_4": "海染之花",
    "UI_RelicIcon_15022_5": "离别之贝",
    "UI_RelicIcon_15023_1": "结契之刻",
    "UI_RelicIcon_15023_2": "潜光片羽",
    "UI_RelicIcon_15023_3": "虺雷之姿",
    "UI_RelicIcon_15023_4": "生灵之华",
    "UI_RelicIcon_15023_5": "阳辔之遗",
    "UI_RelicIcon_15024_1": "涌泉之盏",
    "UI_RelicIcon_15024_2": "垂玉之叶",
    "UI_RelicIcon_15024_3": "浮溯之珏",
    "UI_RelicIcon_15024_4": "魂香之花",
    "UI_RelicIcon_15024_5": "祝祀之凭",
    "UI_RelicIcon_15000_1": "高天的风之主杯",
    "UI_RelicIcon_15000_2": "高天的风之主羽",
    "UI_RelicIcon_15000_3": "高天的风之主冠",
    "UI_RelicIcon_15000_4": "高天的风之主花",
    "UI_RelicIcon_15000_5": "高天的风之主沙",
    "UI_RelicIcon_15025_1": "迷误者之灯",
    "UI_RelicIcon_15025_2": "翠蔓的智者",
    "UI_RelicIcon_15025_3": "月桂的宝冠",
    "UI_RelicIcon_15025_4": "迷宫的游人",
    "UI_RelicIcon_15025_5": "贤智的定期",
    "UI_RelicIcon_15026_1": "如蜜的终宴",
    "UI_RelicIcon_15026_2": "裁断的翎羽",
    "UI_RelicIcon_15026_3": "沙王的投影",
    "UI_RelicIcon_15026_4": "梦中的铁花",
    "UI_RelicIcon_15026_5": "沉金的岁月",
    "UI_RelicIcon_15027_1": "迷醉长梦的守护",
    "UI_RelicIcon_15027_2": "黄金邦国的结末",
    "UI_RelicIcon_15027_3": "流沙贵嗣的遗宝",
    "UI_RelicIcon_15027_4": "众王之都的开端",
    "UI_RelicIcon_15027_5": "失落迷途的机芯",
    "UI_RelicIcon_15028_1": "守秘的魔瓶",
    "UI_RelicIcon_15028_2": "谢落的筵席",
    "UI_RelicIcon_15028_3": "紫晶的花冠",
    "UI_RelicIcon_15028_4": "月女的华彩",
    "UI_RelicIcon_15028_5": "凝结的时刻"
  },
  "Mapping": {
    "冒险家之花": "冒险家",
    "冒险家尾羽": "冒险家",
    "冒险家怀表": "冒险家",
    "冒险家金杯": "冒险家",
    "冒险家头带": "冒险家",
    "磐陀裂生之花": "悠古的磐岩",
    "嵯峨群峰之翼": "悠古的磐岩",
    "星罗圭璧之晷": "悠古的磐岩",
    "巉岩琢塑之樽": "悠古的磐岩",
    "不动玄石之相": "悠古的磐岩",
    "战狂的蔷薇": "战狂",
    "战狂的翎羽": "战狂",
    "战狂的时计": "战狂",
    "战狂的骨杯": "战狂",
    "战狂的鬼面": "战狂",
    "历经风雪的思念": "冰风迷途的勇士",
    "摧冰而行的执望": "冰风迷途的勇士",
    "冰雪故园的终期": "冰风迷途的勇士",
    "遍结寒霜的傲骨": "冰风迷途的勇士",
    "破冰踏雪的回音": "冰风迷途的勇士",
    "染血的铁之心": "染血的骑士道",
    "染血的黑之羽": "染血的骑士道",
    "骑士染血之时": "染血的骑士道",
    "染血骑士之杯": "染血的骑士道",
    "染血的铁假面": "染血的骑士道",
    "勇士的勋章": "勇士之心",
    "勇士的期许": "勇士之心",
    "勇士的坚毅": "勇士之心",
    "勇士的壮行": "勇士之心",
    "勇士的冠冕": "勇士之心",
    "魔女的炎之花": "炽烈的炎之魔女",
    "魔女常燃之羽": "炽烈的炎之魔女",
    "魔女破灭之时": "炽烈的炎之魔女",
    "魔女的心之火": "炽烈的炎之魔女",
    "焦灼的魔女帽": "炽烈的炎之魔女",
    "守护之花": "守护之心",
    "守护徽印": "守护之心",
    "守护座钟": "守护之心",
    "守护之皿": "守护之心",
    "守护束带": "守护之心",
    "魂香之花": "来歆余响",
    "垂玉之叶": "来歆余响",
    "祝祀之凭": "来歆余响",
    "涌泉之盏": "来歆余响",
    "浮溯之珏": "来歆余响",
    "明威之镡": "绝缘之旗印",
    "切落之羽": "绝缘之旗印",
    "雷云之笼": "绝缘之旗印",
    "绯花之壶": "绝缘之旗印",
    "华饰之兜": "绝缘之旗印",
    "赌徒的胸花": "赌徒",
    "赌徒的羽饰": "赌徒",
    "赌徒的怀表": "赌徒",
    "赌徒的骰盅": "赌徒",
    "赌徒的耳环": "赌徒",
    "凛冬霜心": "冰之川与雪之砂",
    "雪藏之羽": "冰之川与雪之砂",
    "凝冰成砂": "冰之川与雪之砂",
    "北风之盏": "冰之川与雪之砂",
    "冰河之冠": "冰之川与雪之砂",
    "角斗士的留恋": "角斗士的终幕礼",
    "角斗士的归宿": "角斗士的终幕礼",
    "角斗士的希冀": "角斗士的终幕礼",
    "角斗士的酣醉": "角斗士的终幕礼",
    "角斗士的凯旋": "角斗士的终幕礼",
    "饰金胸花": "沉沦之心",
    "追忆之风": "沉沦之心",
    "坚铜罗盘": "沉沦之心",
    "沉波之盏": "沉沦之心",
    "酒渍船帽": "沉沦之心",
    "荣花之期": "华馆梦醒形骸记",
    "华馆之羽": "华馆梦醒形骸记",
    "众生之谣": "华馆梦醒形骸记",
    "梦醒之瓢": "华馆梦醒形骸记",
    "形骸之笠": "华馆梦醒形骸记",
    "教官的胸花": "教官",
    "教官的羽饰": "教官",
    "教官的怀表": "教官",
    "教官的茶杯": "教官",
    "教官的帽子": "教官",
    "渡火者的决绝": "渡过烈火的贤人",
    "渡火者的解脱": "渡过烈火的贤人",
    "渡火者的煎熬": "渡过烈火的贤人",
    "渡火者的醒悟": "渡过烈火的贤人",
    "渡火者的智慧": "渡过烈火的贤人",
    "幸运儿绿花": "幸运儿",
    "幸运儿鹰羽": "幸运儿",
    "幸运儿沙漏": "幸运儿",
    "幸运儿之杯": "幸运儿",
    "幸运儿银冠": "幸运儿",
    "远方的少女之心": "被怜爱的少女",
    "少女飘摇的思念": "被怜爱的少女",
    "少女苦短的良辰": "被怜爱的少女",
    "少女片刻的闲暇": "被怜爱的少女",
    "少女易逝的芳颜": "被怜爱的少女",
    "武人的红花": "武人",
    "武人的羽饰": "武人",
    "武人的水漏": "武人",
    "武人的酒杯": "武人",
    "武人的头巾": "武人",
    "宗室之花": "昔日宗室之仪",
    "宗室之翎": "昔日宗室之仪",
    "宗室时计": "昔日宗室之仪",
    "宗室银瓮": "昔日宗室之仪",
    "宗室面具": "昔日宗室之仪",
    "海染之花": "海染砗磲",
    "渊宫之羽": "海染砗磲",
    "离别之贝": "海染砗磲",
    "真珠之笼": "海染砗磲",
    "海祇之冠": "海染砗磲",
    "无垢之花": "苍白之火",
    "贤医之羽": "苍白之火",
    "停摆之刻": "苍白之火",
    "超越之盏": "苍白之火",
    "嗤笑之面": "苍白之火",
    "祭水礼冠": "祭水之人",
    "祭火礼冠": "祭火之人",
    "祭雷礼冠": "祭雷之人",
    "祭冰礼冠": "祭冰之人",
    "祭风礼冠": "祭风之人",
    "故人之心": "行者之心",
    "归乡之羽": "行者之心",
    "逐光之石": "行者之心",
    "异国之盏": "行者之心",
    "感别之冠": "行者之心",
    "夏祭之花": "逆飞的流星",
    "夏祭终末": "逆飞的流星",
    "夏祭之刻": "逆飞的流星",
    "夏祭水玉": "逆飞的流星",
    "夏祭之面": "逆飞的流星",
    "学士的书签": "学士",
    "学士的羽笔": "学士",
    "学士的时钟": "学士",
    "学士的墨杯": "学士",
    "学士的镜片": "学士",
    "羁缠之花": "追忆之注连",
    "思忆之矢": "追忆之注连",
    "朝露之时": "追忆之注连",
    "祈望之心": "追忆之注连",
    "无常之面": "追忆之注连",
    "勋绩之花": "千岩牢固",
    "昭武翎羽": "千岩牢固",
    "金铜时晷": "千岩牢固",
    "盟誓金爵": "千岩牢固",
    "将帅兜鍪": "千岩牢固",
    "流放者之花": "流放者",
    "流放者之羽": "流放者",
    "流放者怀表": "流放者",
    "流放者之杯": "流放者",
    "流放者头冠": "流放者",
    "雷鸟的怜悯": "如雷的盛怒",
    "雷灾的孑遗": "如雷的盛怒",
    "雷霆的时计": "如雷的盛怒",
    "降雷的凶兆": "如雷的盛怒",
    "唤雷的头冠": "如雷的盛怒",
    "平雷之心": "平息鸣雷的尊者",
    "平雷之羽": "平息鸣雷的尊者",
    "平雷之刻": "平息鸣雷的尊者",
    "平雷之器": "平息鸣雷的尊者",
    "平雷之冠": "平息鸣雷的尊者",
    "奇迹之花": "奇迹",
    "奇迹之羽": "奇迹",
    "奇迹之沙": "奇迹",
    "奇迹之杯": "奇迹",
    "奇迹耳坠": "奇迹",
    "游医的银莲": "游医",
    "游医的枭羽": "游医",
    "游医的怀钟": "游医",
    "游医的药壶": "游医",
    "游医的方巾": "游医",
    "生灵之华": "辰砂往生录",
    "潜光片羽": "辰砂往生录",
    "阳辔之遗": "辰砂往生录",
    "结契之刻": "辰砂往生录",
    "虺雷之姿": "辰砂往生录",
    "野花记忆的绿野": "翠绿之影",
    "猎人青翠的箭羽": "翠绿之影",
    "翠绿猎人的笃定": "翠绿之影",
    "翠绿猎人的容器": "翠绿之影",
    "翠绿的猎人之冠": "翠绿之影",
    "乐团的晨光": "流浪大地的乐团",
    "琴师的箭羽": "流浪大地的乐团",
    "终幕的时计": "流浪大地的乐团",
    "吟游者之壶": "流浪大地的乐团",
    "指挥的礼帽": "流浪大地的乐团",
    "迷误者之灯": "深林的记忆",
    "翠蔓的智者": "深林的记忆",
    "月桂的宝冠": "深林的记忆",
    "迷宫的游人": "深林的记忆",
    "贤智的定期": "深林的记忆",
    "如蜜的终宴": "饰金之梦",
    "裁断的翎羽": "饰金之梦",
    "沙王的投影": "饰金之梦",
    "梦中的铁花": "饰金之梦",
    "沉金的岁月": "饰金之梦",
    "迷醉长梦的守护": "沙上楼阁史话",
    "黄金邦国的结末": "沙上楼阁史话",
    "流沙贵嗣的遗宝": "沙上楼阁史话",
    "众王之都的开端": "沙上楼阁史话",
    "失落迷途的机芯": "沙上楼阁史话",
    "守秘的魔瓶": "乐园遗落之花",
    "谢落的筵席": "乐园遗落之花",
    "紫晶的花冠": "乐园遗落之花",
    "月女的华彩": "乐园遗落之花",
    "凝结的时刻": "乐园遗落之花"
  },
  "Info": {
    "冒险家": {
      "avail_rarity": [
        "1",
        "2",
        "3"
      ],
      "pcs_attr": {
        "2": "生命值上限提高1000点。",
        "4": "开启各类宝箱后的5秒内，持续恢复30%生命值。"
      },
      "alias": "冒险"
    },
    "悠古的磐岩": {
      "avail_rarity": [
        "4",
        "5"
      ],
      "pcs_attr": {
        "2": "获得15%岩元素伤害加成。",
        "4": "获得结晶反应形成的晶片时，队伍中所有角色获得35%对应元素伤害加成，持续10秒。同时只能通过该效果获得一种元素伤害加成。"
      },
      "alias": "磐岩"
    },
    "战狂": {
      "avail_rarity": [
        "3",
        "4"
      ],
      "pcs_attr": {
        "2": "暴击率提高12%。",
        "4": "生命值低于70%时，暴击率额外提升24%。"
      },
      "alias": "战狂"
    },
    "冰风迷途的勇士": {
      "avail_rarity": [
        "4",
        "5"
      ],
      "pcs_attr": {
        "2": "获得15%冰元素伤害加成。",
        "4": "攻击处于冰元素影响下的敌人时，暴击率提高20%；若敌人处于冻结状态下，则暴击率额外提高20%。"
      },
      "alias": "冰套"
    },
    "染血的骑士道": {
      "avail_rarity": [
        "4",
        "5"
      ],
      "pcs_attr": {
        "2": "造成的物理伤害提高25%。",
        "4": "击败敌人后的10秒内，施放重击时不消耗体力，且重击造成的伤害提升50%。"
      },
      "alias": "染血"
    },
    "勇士之心": {
      "avail_rarity": [
        "3",
        "4"
      ],
      "pcs_attr": {
        "2": "攻击力提高18%。",
        "4": "对生命值高于50%的敌人，造成的伤害增加30%。"
      },
      "alias": "勇士"
    },
    "炽烈的炎之魔女": {
      "avail_rarity": [
        "4",
        "5"
      ],
      "pcs_attr": {
        "2": "获得15%火元素伤害加成。",
        "4": "超载、燃烧反应造成的伤害提升40%，蒸发、融化反应的加成系数提高15%。施放元素战技后的10秒内，2件套的效果提高50%，该效果最多叠加3次。"
      },
      "alias": "魔女"
    },
    "守护之心": {
      "avail_rarity": [
        "3",
        "4"
      ],
      "pcs_attr": {
        "2": "防御力提高30%。",
        "4": "队伍里每有不同一种元素类型的自己的角色，自身获得30%相应的元素抗性。"
      },
      "alias": "守护"
    },
    "来歆余响": {
      "avail_rarity": [
        "4",
        "5"
      ],
      "pcs_attr": {
        "2": "攻击力提高18%。",
        "4": "普通攻击命中敌人时，有36%概率触发「幽谷祝祀」：普通攻击造成的伤害提高，伤害提高值为攻击力的70%，该效果将在普通攻击造成伤害后的0.05秒后清除。普通攻击未触发「幽谷祝祀」时，会使下次触发概率提升20%；0.2秒内至多判定1次触发与否。"
      },
      "alias": "余响"
    },
    "绝缘之旗印": {
      "avail_rarity": [
        "4",
        "5"
      ],
      "pcs_attr": {
        "2": "元素充能效率提高20%。",
        "4": "基于元素充能效率的25%，提高元素爆发造成的伤害。至多通过这种方式获得75%提升。"
      },
      "alias": "绝缘"
    },
    "赌徒": {
      "avail_rarity": [
        "3",
        "4"
      ],
      "pcs_attr": {
        "2": "元素战技造成的伤害提升20%。",
        "4": "击败敌人时，有100%概率清除元素战技的冷却时间。该效果每15秒至多触发一次。"
      },
      "alias": "赌徒"
    },
    "冰之川与雪之砂": {
      "avail_rarity": [ ],
      "pcs_attr": {
        "2": "获得15%冰元素伤害加成。",
        "4": "超导反应造成的伤害提升100%，融化反应的加成系数提高15%。施放元素爆发后的10秒内，冰元素伤害加成额外提升30%。"
      },
      "alias": "冰砂"
    },
    "角斗士的终幕礼": {
      "avail_rarity": [
        "4",
        "5"
      ],
      "pcs_attr": {
        "2": "攻击力提高18%。",
        "4": "装备该圣遗物套装的角色为单手剑、双手剑、长柄武器角色时，角色普通攻击造成的伤害提高35%。"
      },
      "alias": "角斗"
    },
    "沉沦之心": {
      "avail_rarity": [
        "4",
        "5"
      ],
      "pcs_attr": {
        "2": "获得15%水元素伤害加成。",
        "4": "施放元素战技后的15秒内，普通攻击与重击造成的伤害提高30%。"
      },
      "alias": "水套"
    },
    "华馆梦醒形骸记": {
      "avail_rarity": [
        "4",
        "5"
      ],
      "pcs_attr": {
        "2": "防御力提高30%。",
        "4": "装备此圣遗物套装的角色在以下情况下，将获得「问答」效果：在场上用岩元素攻击命中敌人后获得一层，每0.3秒至多触发一次；在队伍后台中，每3秒获得一层。问答至多叠加4层，每层能提供6%防御力与6%岩元素伤害加成。每6秒，若未获得问答效果，将损失一层。"
      },
      "alias": "华馆"
    },
    "教官": {
      "avail_rarity": [
        "3",
        "4"
      ],
      "pcs_attr": {
        "2": "元素精通提高80点。",
        "4": "触发元素反应后，队伍中所有角色的元素精通提高120点，持续8秒。"
      },
      "alias": "教官"
    },
    "渡过烈火的贤人": {
      "avail_rarity": [
        "4",
        "5"
      ],
      "pcs_attr": {
        "2": "火元素抗性提高40%。",
        "4": "对处于火元素影响下的敌人造成的伤害提升35%。"
      },
      "alias": "渡火"
    },
    "幸运儿": {
      "avail_rarity": [
        "1",
        "2",
        "3"
      ],
      "pcs_attr": {
        "2": "防御力提高100点。",
        "4": "拾取摩拉时，恢复300点生命值。"
      },
      "alias": "幸运"
    },
    "被怜爱的少女": {
      "avail_rarity": [
        "4",
        "5"
      ],
      "pcs_attr": {
        "2": "角色造成的治疗效果提升15%。",
        "4": "施放元素战技或元素爆发后的10秒内，队伍中所有角色受治疗效果加成提高20%。"
      },
      "alias": "少女"
    },
    "武人": {
      "avail_rarity": [
        "3",
        "4"
      ],
      "pcs_attr": {
        "2": "普通攻击与重击造成的伤害提高15%；",
        "4": "施放元素战技后的8秒内，普通攻击和重击造成的伤害提升25%。"
      },
      "alias": "武人"
    },
    "昔日宗室之仪": {
      "avail_rarity": [
        "4",
        "5"
      ],
      "pcs_attr": {
        "2": "元素爆发造成的伤害提升20%。",
        "4": "施放元素爆发后，队伍中所有角色攻击力提升20%，持续12秒。该效果不可叠加。"
      },
      "alias": "宗室"
    },
    "海染砗磲": {
      "avail_rarity": [
        "4",
        "5"
      ],
      "pcs_attr": {
        "2": "治疗加成提高15%。",
        "4": "装备此圣遗物套装的角色对队伍中的角色进行治疗时，将产生持续3秒的海染泡沫，记录治疗的生命值回复量（包括溢出值）。持续时间结束时，海染泡沫将会爆炸，对周围的敌人造成90%累计回复量的伤害（该伤害结算方式同感电、超导等元素反应，但不受元素精通、等级或反应伤害加成效果影响）。每3.5秒至多产生一个海染泡沫；海染泡沫至多记录30000点回复量，含溢出部分的治疗量；自己的队伍中同时至多存在一个海染泡沫。装备此圣遗物套装的角色处于队伍后台时，依然能触发该效果。"
      },
      "alias": "海染"
    },
    "苍白之火": {
      "avail_rarity": [
        "4",
        "5"
      ],
      "pcs_attr": {
        "2": "造成的物理伤害提高25%。",
        "4": "元素战技命中敌人后，攻击力提升9%。该效果持续7秒，至多叠加2层，每0.3秒至多触发一次。叠满2层时，2件套的效果提升100%。"
      },
      "alias": "苍白"
    },
    "祭水之人": {
      "avail_rarity": [
        "3",
        "4"
      ],
      "pcs_attr": {
        "1": "受到的水元素附着效果的持续时间减少40%。"
      },
      "alias": "祭水"
    },
    "祭火之人": {
      "avail_rarity": [
        "3",
        "4"
      ],
      "pcs_attr": {
        "1": "受到的火元素附着效果的持续时间减少40%。"
      },
      "alias": "祭火"
    },
    "祭雷之人": {
      "avail_rarity": [
        "3",
        "4"
      ],
      "pcs_attr": {
        "1": "受到的雷元素附着效果的持续时间减少40%。"
      },
      "alias": "祭雷"
    },
    "祭冰之人": {
      "avail_rarity": [
        "3",
        "4"
      ],
      "pcs_attr": {
        "1": "受到的冰元素附着效果的持续时间减少40%。"
      },
      "alias": "祭冰"
    },
    "祭风之人": {
      "avail_rarity": [ ],
      "pcs_attr": {
        "1": "受到的风元素附着效果的持续时间减少40%。"
      },
      "alias": "祭风"
    },
    "行者之心": {
      "avail_rarity": [
        "3",
        "4"
      ],
      "pcs_attr": {
        "2": "攻击力提高18%。",
        "4": "重击的暴击率提升30%。"
      },
      "alias" : "行者"
    },
    "逆飞的流星": {
      "avail_rarity": [
        "4",
        "5"
      ],
      "pcs_attr": {
        "2": "护盾强效提高35%。",
        "4": "处于护盾庇护下时，额外获得40%普通攻击和重击伤害加成。"
      },
      "alias": "逆飞"
    },
    "学士": {
      "avail_rarity": [
        "3",
        "4"
      ],
      "pcs_attr": {
        "2": "元素充能效率提高20%。",
        "4": "获得元素微粒或元素晶球时，队伍中所有弓箭和法器角色额外恢复3点元素能量。该效果每3秒只能触发一次。"
      },
      "alias": "学士"
    },
    "追忆之注连": {
      "avail_rarity": [
        "4",
        "5"
      ],
      "pcs_attr": {
        "2": "攻击力提高18%。",
        "4": "施放元素战技时，如果角色的元素能量高于或等于15点，则会流失15点元素能量，使接下来的10秒内，普通攻击、重击、下落攻击造成的伤害提高50%，持续期间内该效果不会再次触发。"
      },
      "alias": "追忆"
    },
    "千岩牢固": {
      "avail_rarity": [
        "4",
        "5"
      ],
      "pcs_attr": {
        "2": "生命值提升20%",
        "4": "元素战技命中敌人后，使队伍中附近的所有角色攻击力提升20%，护盾强效提升30%，持续3秒。该效果每0.5秒至多触发一次。装备此圣遗物套装的角色处于队伍后台时，依然能触发该效果。"
      },
      "alias": "千岩" 
    },
    "流放者": {
      "avail_rarity": [
        "3",
        "4"
      ],
      "pcs_attr": {
        "2": "元素充能效率提高20%。",
        "4": "施放元素爆发后，每2秒为队伍中所有角色（不包括自己）恢复2点元素能量。该效果持续6秒，无法叠加。"
      },
      "alias": "流放"
    },
    "如雷的盛怒": {
      "avail_rarity": [
        "4",
        "5"
      ],
      "pcs_attr": {
        "2": "获得15%雷元素伤害加成。",
        "4": "超载、感电、超导反应造成的伤害提升40%。触发这些元素反应时，元素战技冷却时间减少1秒。该效果每0.8秒最多触发一次。"
      },
      "alias": "如雷"
    },
    "平息鸣雷的尊者": {
      "avail_rarity": [
        "4",
        "5"
      ],
      "pcs_attr": {
        "2": "雷元素抗性提高40%。",
        "4": "对处于雷元素影响下的敌人造成的伤害提升35%。"
      },
      "alias": "平雷"
    },
    "奇迹": {
      "avail_rarity": [
        "3",
        "4"
      ],
      "pcs_attr": {
        "2": "所有元素抗性提高20%。",
        "4": "受到某个元素类型的伤害后，相应的抗性提升30%，持续10秒。该效果每10秒只能触发一次。"
      },
      "alias": "奇迹"
    },
    "游医": {
      "avail_rarity": [
        "1",
        "2",
        "3"
      ],
      "pcs_attr": {
        "2": "角色受到的治疗效果提高20%。",
        "4": "施放元素爆发时，恢复20%生命值。"
      },
      "alias": "游医"
    },
    "辰砂往生录": {
      "avail_rarity": [
        "4",
        "5"
      ],
      "pcs_attr": {
        "2": "攻击力提高18%。",
        "4": "施放元素爆发后，将产生持续16秒的「潜光」效果：攻击力提升8%；并在角色的生命值降低时，攻击力进一步提升10%，至多通过这种方式提升4次，每0.8秒至多触发一次。「潜光」效果将在角色退场时消失；持续期间再次施放元素爆发，将移除原有的「潜光」。"
      },
      "alias": "辰砂"
    },
    "翠绿之影": {
      "avail_rarity": [
        "4",
        "5"
      ],
      "pcs_attr": {
        "2": "获得15%风元素伤害加成。",
        "4": "扩散反应造成的伤害提升60%。根据扩散的元素类型，降低受到影响的敌人40%的对应元素抗性，持续10秒。"
      },
      "alias": "风套"
    },
    "流浪大地的乐团": {
      "avail_rarity": [
        "4",
        "5"
      ],
      "pcs_attr": {
        "2": "元素精通提高80点。",
        "4": "装备该圣遗物套装的角色为法器、弓箭角色时，角色重击造成的伤害提高35%。"
      },
      "alias": "乐团"
    }
  },
  "Piece": {
    "1": [
      "goblet",
      "空之杯"
    ],
    "2": [
      "plume",
      "死之羽"
    ],
    "3": [
      "circlet",
      "理之冠"
    ],
    "4": [
      "flower",
      "生之花"
    ],
    "5": [
      "sands",
      "时之沙"
    ]
  }
}
