{
  "Name": {
    "21": "霜杀墨染樱",
    "22": "三重雪关扉",
    "23": "花白锦画纸吹雪",
    "24": "盈缺流返",
    "25": "花云钟入月",
    "26": "间水月",
    "31": "流转剑脊的暴风",
    "32": "守护众人的坚盾",
    "33": "西风吹拂之时",
    "34": "蒲公英的国土",
    "35": "须臾一瞬的烈风",
    "36": "恩眷万民的狮牙",
    "41": "无限的电回路",
    "42": "空间电势结界",
    "43": "谐振的雷光",
    "44": "如雨的电浆",
    "45": "等离态的落雷",
    "46": "脉冲的魔女",
    "71": "回转的怒风",
    "72": "革新的旋风",
    "73": "天地的刚风",
    "74": "眷护的和风",
    "75": "群星的涡风",
    "76": "纠缠的信风",
    "91": "巍然的青岩",
    "92": "不稳的熔岩",
    "93": "八方之岩",
    "94": "险峻的重岩",
    "95": "天坠之岩",
    "96": "永世的磐岩",
    "101": "丰穰的春雷",
    "102": "震怒的苍雷",
    "103": "连延的远雷",
    "104": "难测的云雷",
    "105": "荒野的霆雷",
    "106": "撼世的神雷",
    "111": "寄身的倚草",
    "112": "健韧的劲草",
    "113": "婆娑的瑶草",
    "114": "如饴的蜜草",
    "115": "迅生的丰草",
    "116": "蕴思的霜草",
    "141": "彩色歌谣",
    "142": "元气迸发",
    "143": "明日之星",
    "144": "努力即魔法",
    "145": "纯真的羁绊",
    "146": "将一切美好献给你",
    "151": "卓越的血脉",
    "152": "无尽的霜舞",
    "153": "凛冽的冰戏",
    "154": "极寒的轻吻",
    "155": "至冷的拥抱",
    "156": "轮旋的冰凌",
    "161": "罪罚裁断",
    "162": "炙热余烬",
    "163": "钢铁炽焰",
    "164": "流火焦灼",
    "165": "昭告黎明的火之鸟",
    "166": "清算黑暗的炎之剑",
    "201": "狼性",
    "202": "压制",
    "203": "兽魂",
    "204": "撕咬",
    "205": "利爪",
    "206": "天狼",
    "211": "一箭双丘丘！",
    "212": "一触即发",
    "213": "烧起来啦！",
    "214": "才不是普通的布偶",
    "215": "是兔兔伯爵！",
    "216": "疾如野火",
    "221": "弦发的苍风",
    "222": "眷恋的泠风",
    "223": "千风的诗篇",
    "224": "自由的凛风",
    "225": "高天的协奏",
    "226": "抗争的暴风",
    "231": "外酥里嫩",
    "232": "大火宽油",
    "233": "武火急烹",
    "234": "文火慢煨",
    "235": "锅巴凶猛",
    "236": "大龙卷旋火轮",
    "241": "鱼龙沉四方",
    "242": "赫赫雷涌起",
    "243": "潮奔蓦引电",
    "244": "牵星觅乡岸",
    "245": "踏浪霞连阶",
    "246": "北斗祓幽孽",
    "251": "重帘留香",
    "252": "天青现虹",
    "253": "织诗成锦",
    "254": "孤舟斩蛟",
    "255": "雨深闭门",
    "256": "万文集此",
    "261": "坏劫·毁坏三界",
    "262": "空劫·虚空华开敷变",
    "263": "降魔·忿怒显相",
    "264": "神通·诸苦灭尽",
    "265": "成劫·无明增长",
    "266": "降魔·护法夜叉",
    "271": "悬星尽散击云碎",
    "272": "璇玑合璧镇昆仑",
    "273": "星罗宿列天权临",
    "274": "攻守易形著神机",
    "275": "琼屏千扇正天衡",
    "276": "七星璨璨凝流光",
    "291": "连环轰隆",
    "292": "破破弹片",
    "293": "可莉特调",
    "294": "一触即发",
    "295": "轰击之星",
    "296": "火力全开",
    "301": "岩者，六合引之为骨",
    "302": "石者，八荒韫玉而明",
    "303": "圭璋，暝仍不移其晖",
    "304": "黄琮，破而不夺其坚",
    "305": "苍璧，驱之长昭天理",
    "306": "金玉，礼予天地四方",
    "311": "幽邃鸦眼",
    "312": "圣裁影羽",
    "313": "渊色黑翼",
    "314": "皇女幻绮谭",
    "315": "至夜默示录",
    "316": "永夜之禽",
    "321": "冒险憧憬",
    "322": "踏破绝境",
    "323": "火热激情",
    "324": "热情不灭",
    "325": "开拓的心魂",
    "326": "烈火与勇气",
    "331": "魔王武装·遏浪",
    "332": "魔王武装·暗流",
    "333": "深渊之灾·纷争涡源",
    "334": "深渊之灾·凝水盛放",
    "335": "极恶技·斩水斩雨",
    "336": "极恶技·天使灭尽",
    "341": "支援就交给我吧",
    "342": "旋风女仆",
    "343": "女仆不会受伤",
    "344": "之后会扫干净的",
    "345": "骑士团扫除专家",
    "346": "要一尘不染才行",
    "351": "寒苦回向",
    "352": "冰寒蚀骨",
    "353": "升天宝诰",
    "354": "天威压众",
    "355": "红莲开绽",
    "356": "起死回骸",
    "361": "释凌咏冰",
    "362": "周天运转",
    "363": "云尽光生",
    "364": "浮云霜天",
    "365": "真道正理",
    "366": "四灵捧圣",
    "371": "饮露",
    "372": "获麟",
    "373": "云行",
    "374": "西狩",
    "375": "折草",
    "376": "履虫",
    "381": "伊甸之花",
    "382": "显生之宙",
    "383": "太阳之华",
    "384": "神性之陨",
    "385": "冥古之潮",
    "386": "无垢之土",
    "391": "特调的余韵",
    "392": "猫爪冰摇",
    "393": "还、还要续杯？",
    "394": "「酒业杀手」",
    "395": "双份加冰",
    "396": "猫尾打烊之时",
    "411": "沉没的预言",
    "412": "星月的连珠",
    "413": "不休的天象",
    "414": "灭绝的预言",
    "415": "命运的嘲弄",
    "416": "厄运的修辞",
    "421": "雷厉",
    "422": "苛捐",
    "423": "登楼",
    "424": "调律",
    "425": "移灯",
    "426": "廉贞",
    "431": "堆叠真空域",
    "432": "不羁型贝特",
    "433": "零失误少女",
    "434": "炼金的偏执",
    "435": "认真普通瓶",
    "436": "混元熵增论",
    "441": "绝命的加速",
    "442": "开场即兴段",
    "443": "摭分的指法",
    "444": "节奏的传染",
    "445": "返场的高呼",
    "446": "地狱里摇摆",
    "451": "罪之导引",
    "452": "无福之地",
    "453": "告解之仪",
    "454": "苦痛恩典",
    "455": "临终祈礼",
    "456": "代行裁判",
    "461": "赤团开时斜飞去",
    "462": "最不安神晴又复雨",
    "463": "逗留采血色",
    "464": "伴君眠花房",
    "465": "无可奈何燃花作香",
    "466": "幽蝶能留一缕芳",
    "471": "千山红遍",
    "472": "山岚残芯",
    "473": "枫袖奇谭",
    "474": "大空幻法",
    "475": "万世之集",
    "476": "血赤叶红",
    "481": "占理不饶人",
    "482": "最终解释权",
    "483": "真火炼宝印",
    "484": "丹书金铁券",
    "485": "遵法切结书",
    "486": "是额外条款",
    "491": "赤玉琉金",
    "492": "万灯送火",
    "493": "鼠火戏法",
    "494": "花火职人心得",
    "495": "真夏宵祭锦绘",
    "496": "长野原龙势流星群",
    "501": "同袍的义理",
    "502": "僚佐的才巧",
    "503": "御敌的执定",
    "504": "用臣的久计",
    "505": "野火的豪烈",
    "506": "炽烧的至心",
    "511": "光潮的幻象",
    "512": "海沫的少女",
    "513": "劳伦斯的血脉",
    "514": "自卑者的逞强",
    "515": "骑士的素质",
    "516": "高贵者的义务",
    "521": "恶曜卜词",
    "522": "斩铁断金",
    "523": "真影旧事",
    "524": "誓奉常道",
    "525": "凶将显形",
    "526": "负愿前行",
    "531": "一心二用之术",
    "532": "理清逃跑路线",
    "533": "都交给分身吧",
    "534": "偷懒的新方法",
    "535": "快是第一奥义",
    "536": "呼呼大睡时间",
    "541": "决水于溪",
    "542": "波起云海",
    "543": "海渚月舟",
    "544": "月摄千川",
    "545": "百川集海",
    "546": "珊瑚一心",
    "551": "犬奔·疾如风",
    "552": "犬坐·稳如钟",
    "553": "犬爪·势如火",
    "554": "犬舐·温如水",
    "555": "犬突·动如雷",
    "556": "犬勇·忠如山",
    "561": "乌眼",
    "562": "鸦羽",
    "563": "心魔",
    "564": "彻证",
    "565": "咒咏",
    "566": "我界",
    "571": "倘若不知，我讲你听",
    "572": "纠集众人，斗倒御岳",
    "573": "水陆自在，牛王同行",
    "574": "奉行牢狱，茶饭之所",
    "575": "十年花坂，皆知我名",
    "576": "在下荒泷一斗是也",
    "581": "野狐供真篇",
    "582": "望月吼哕声",
    "583": "七段妙变化",
    "584": "绯樱引雷章",
    "585": "暴恶嗤笑面",
    "586": "大杀生咒禁",
    "591": "称名少年事件簿",
    "592": "殊解诸因探案集",
    "593": "暗文隐语谜题册",
    "594": "虚言假说百物语",
    "595": "禁室密所大图鉴",
    "596": "奇想天开捕物帐",
    "601": "与谋者，以局入局",
    "602": "入彀者，多多益善",
    "603": "晃盅者，琼畟药骰",
    "604": "诓惑者，接树移花",
    "605": "坐庄者，三仙戏法",
    "606": "取胜者，大小通吃",
    "621": "异界之星",
    "622": "异界之星",
    "623": "异界之星",
    "624": "异界之星",
    "625": "异界之星",
    "626": "异界之星",
    "631": "心斋",
    "632": "定蒙",
    "633": "潜虚",
    "634": "洞观",
    "635": "化神",
    "636": "忘玄",
    "641": "飞身趟马",
    "642": "诸般切末",
    "643": "牙纛探海",
    "644": "昇堂吊云",
    "645": "翘楚名坤",
    "646": "庄谐并举",
    "651": "割舍怜悯之心",
    "652": "割舍侥幸之心",
    "653": "割舍痛苦之心",
    "654": "割舍封闭之心",
    "655": "割舍逢迎之心",
    "656": "割舍软弱之心",
    "661": "镜华风姿",
    "662": "世有源泉",
    "663": "无意弄花",
    "664": "不厌细流",
    "665": "万水一露",
    "666": "滥觞无底",
    "671": "巡护深林",
    "672": "漫行山薮",
    "673": "夏堇芳菲",
    "674": "骞林馈遗",
    "675": "俱象残火",
    "676": "坠镞为林",
    "681": "追加投资",
    "682": "特许经营",
    "683": "百巧千奇",
    "684": "酌盈剂虚",
    "685": "物超所值",
    "686": "漫掷万镒",
    "691": "由根须断定肇始",
    "692": "由茎干剖析来缘",
    "693": "由枝节知晓造化",
    "694": "由片叶管窥枯荣",
    "695": "由繁花明了悟觉",
    "696": "由硕实品论应果",
    "701": "却月的轻舞",
    "702": "星天的花雨",
    "703": "倾影的莲步",
    "704": "挽漪的节音",
    "705": "翩旋的流光",
    "706": "断霜的弦歌",
    "711": "立仪·俯览昼冥",
    "712": "令仪·引谒归灵",
    "713": "律仪·行度誓惩",
    "714": "巡仪·蒇护禁罔",
    "715": "幽仪·逝往星芒",
    "716": "羽仪·裁落钧衡",
    "721": "赤沙的归嗣",
    "722": "贯月的耀锋",
    "723": "织狩的奉祀",
    "724": "守戍的誓命",
    "725": "萦金的苍瞳",
    "726": "衍溢的汐潮",
    "731": "心识蕴藏之种",
    "732": "正等善见之根",
    "733": "熏习成就之芽",
    "734": "比量现行之茎",
    "735": "妙谛破愚之叶",
    "736": "大辨圆成之实",
    "741": "寐领围垣",
    "742": "归芒携信",
    "743": "长宵宣秘",
    "744": "星示昭明",
    "745": "悬神系流",
    "746": "曜光灵炬",
    "751": "初番·茂风流羽行",
    "752": "二番·箙岛廓白浪",
    "753": "三番·久世舞夕颜",
    "754": "四番·花月歌浮舟",
    "755": "末番·今昔渡来殿",
    "756": "祝言·霞幕倾松风",
    "761": "舍径求真",
    "762": "忘形炼智",
    "763": "漫行灵圃",
    "764": "神机明悟",
    "765": "繁想奇境",
    "766": "妙道合真",
    "771": "妙受琼阁",
    "772": "正思无邪",
    "773": "墩墩善道",
    "774": "爰爰可亲",
    "775": "恻隐本义",
    "776": "慈惠仁心",
    "781": "直观",
    "782": "辩章",
    "783": "遮诠",
    "784": "义贯",
    "785": "智度",
    "786": "正理",
    "791": "皎洁之火铓辉灿漫",
    "792": "净沙利刃明映万乘",
    "793": "怒势疾迅如焚掠地",
    "794": "服膺誓禁恪守无失",
    "795": "猎兽魁首卓荦不羁",
    "796": "燎燃利爪裂帛斫金",
    "801": "遇合的因缘",
    "802": "伴行的旅路",
    "803": "游击的心得",
    "804": "晴霜的祝念",
    "805": "引示的铃箭",
    "806": "依随的策援"
  },
  "Icon": {
    "21": "UI_Talent_S_Ayaka_01",
    "22": "UI_Talent_S_Ayaka_02",
    "23": "UI_Talent_U_Ayaka_02",
    "24": "UI_Talent_S_Ayaka_03",
    "25": "UI_Talent_U_Ayaka_01",
    "26": "UI_Talent_S_Ayaka_04",
    "31": "UI_Talent_S_Qin_01",
    "32": "UI_Talent_S_Qin_02",
    "33": "UI_Talent_U_Qin_02",
    "34": "UI_Talent_S_Qin_03",
    "35": "UI_Talent_U_Qin_01",
    "36": "UI_Talent_S_Qin_04",
    "41": "UI_Talent_S_Lisa_01",
    "42": "UI_Talent_S_Lisa_02",
    "43": "UI_Talent_U_Lisa_02",
    "44": "UI_Talent_S_Lisa_03",
    "45": "UI_Talent_U_Lisa_01",
    "46": "UI_Talent_S_Lisa_04",
    "71": "UI_Talent_S_PlayerWind_01",
    "72": "UI_Talent_S_PlayerWind_02",
    "73": "UI_Talent_U_PlayerWind_02",
    "74": "UI_Talent_S_PlayerWind_03",
    "75": "UI_Talent_U_PlayerWind_01",
    "76": "UI_Talent_S_PlayerWind_04",
    "91": "UI_Talent_S_PlayerRock_01",
    "92": "UI_Talent_S_PlayerRock_02",
    "93": "UI_Talent_U_PlayerRock_02",
    "94": "UI_Talent_S_PlayerRock_03",
    "95": "UI_Talent_U_PlayerRock_01",
    "96": "UI_Talent_S_PlayerRock_04",
    "101": "UI_Talent_S_PlayerElectric_01",
    "102": "UI_Talent_S_PlayerElectric_02",
    "103": "UI_Talent_U_PlayerElectric_01",
    "104": "UI_Talent_S_PlayerElectric_03",
    "105": "UI_Talent_U_PlayerElectric_02",
    "106": "UI_Talent_S_PlayerElectric_04",
    "111": "UI_Talent_S_PlayerGrass_01",
    "112": "UI_Talent_S_PlayerGrass_02",
    "113": "UI_Talent_S_PlayerGrass_03",
    "114": "UI_Talent_S_PlayerGrass_04",
    "115": "UI_Talent_S_PlayerGrass_05",
    "116": "UI_Talent_S_PlayerGrass_06",
    "141": "UI_Talent_S_Barbara_01",
    "142": "UI_Talent_S_Barbara_02",
    "143": "UI_Talent_U_Barbara_02",
    "144": "UI_Talent_S_Barbara_03",
    "145": "UI_Talent_U_Barbara_01",
    "146": "UI_Talent_S_Barbara_04",
    "151": "UI_Talent_S_Kaeya_01",
    "152": "UI_Talent_S_Kaeya_02",
    "153": "UI_Talent_U_Kaeya_01",
    "154": "UI_Talent_S_Kaeya_03",
    "155": "UI_Talent_U_Kaeya_02",
    "156": "UI_Talent_S_Kaeya_04",
    "161": "UI_Talent_S_Diluc_01",
    "162": "UI_Talent_S_Diluc_02",
    "163": "UI_Talent_U_Diluc_01",
    "164": "UI_Talent_S_Diluc_03",
    "165": "UI_Talent_U_Diluc_02",
    "166": "UI_Talent_S_Diluc_04",
    "201": "UI_Talent_S_Razor_01",
    "202": "UI_Talent_S_Razor_02",
    "203": "UI_Talent_U_Razor_02",
    "204": "UI_Talent_S_Razor_03",
    "205": "UI_Talent_U_Razor_01",
    "206": "UI_Talent_S_Razor_04",
    "211": "UI_Talent_S_Ambor_01",
    "212": "UI_Talent_S_Ambor_02",
    "213": "UI_Talent_U_Ambor_02",
    "214": "UI_Talent_S_Ambor_03",
    "215": "UI_Talent_U_Ambor_01",
    "216": "UI_Talent_S_Ambor_04",
    "221": "UI_Talent_S_Venti_01",
    "222": "UI_Talent_S_Venti_02",
    "223": "UI_Talent_U_Venti_02",
    "224": "UI_Talent_S_Venti_03",
    "225": "UI_Talent_U_Venti_01",
    "226": "UI_Talent_S_Venti_04",
    "231": "UI_Talent_S_Xiangling_01",
    "232": "UI_Talent_S_Xiangling_02",
    "233": "UI_Talent_U_Xiangling_02",
    "234": "UI_Talent_S_Xiangling_03",
    "235": "UI_Talent_U_Xiangling_01",
    "236": "UI_Talent_S_Xiangling_04",
    "241": "UI_Talent_S_Beidou_02",
    "242": "UI_Talent_S_Beidou_01",
    "243": "UI_Talent_U_Beidou_01",
    "244": "UI_Talent_S_Beidou_03",
    "245": "UI_Talent_U_Beidou_02",
    "246": "UI_Talent_S_Beidou_04",
    "251": "UI_Talent_S_Xingqiu_01",
    "252": "UI_Talent_S_Xingqiu_02",
    "253": "UI_Talent_U_Xingqiu_01",
    "254": "UI_Talent_S_Xingqiu_03",
    "255": "UI_Talent_U_Xingqiu_02",
    "256": "UI_Talent_S_Xingqiu_04",
    "261": "UI_Talent_S_Xiao_01",
    "262": "UI_Talent_S_Xiao_02",
    "263": "UI_Talent_U_Xiao_01",
    "264": "UI_Talent_S_Xiao_03",
    "265": "UI_Talent_U_Xiao_02",
    "266": "UI_Talent_S_Xiao_04",
    "271": "UI_Talent_S_Ningguang_01",
    "272": "UI_Talent_S_Ningguang_05",
    "273": "UI_Talent_U_Ningguang_02",
    "274": "UI_Talent_S_Ningguang_03",
    "275": "UI_Talent_U_Ningguang_01",
    "276": "UI_Talent_S_Ningguang_04",
    "291": "UI_Talent_S_Klee_01",
    "292": "UI_Talent_S_Klee_02",
    "293": "UI_Talent_U_Klee_01",
    "294": "UI_Talent_S_Klee_03",
    "295": "UI_Talent_U_Klee_02",
    "296": "UI_Talent_S_Klee_04",
    "301": "UI_Talent_S_Zhongli_01",
    "302": "UI_Talent_S_Zhongli_02",
    "303": "UI_Talent_U_Zhongli_01",
    "304": "UI_Talent_S_Zhongli_03",
    "305": "UI_Talent_U_Zhongli_02",
    "306": "UI_Talent_S_Zhongli_04",
    "311": "UI_Talent_S_Fischl_01",
    "312": "UI_Talent_S_Fischl_02",
    "313": "UI_Talent_U_Fischl_01",
    "314": "UI_Talent_S_Fischl_03",
    "315": "UI_Talent_U_Fischl_02",
    "316": "UI_Talent_S_Fischl_04",
    "321": "UI_Talent_S_Bennett_01",
    "322": "UI_Talent_S_Bennett_02",
    "323": "UI_Talent_U_Bennett_01",
    "324": "UI_Talent_S_Bennett_03",
    "325": "UI_Talent_U_Bennett_02",
    "326": "UI_Talent_S_Bennett_04",
    "331": "UI_Talent_S_Tartaglia_01",
    "332": "UI_Talent_S_Tartaglia_02",
    "333": "UI_Talent_U_Tartaglia_01",
    "334": "UI_Talent_S_Tartaglia_05",
    "335": "UI_Talent_U_Tartaglia_02",
    "336": "UI_Talent_S_Tartaglia_04",
    "341": "UI_Talent_S_Noel_01",
    "342": "UI_Talent_S_Noel_02",
    "343": "UI_Talent_U_Noel_01",
    "344": "UI_Talent_S_Noel_03",
    "345": "UI_Talent_U_Noel_02",
    "346": "UI_Talent_S_Noel_04",
    "351": "UI_Talent_S_Qiqi_01",
    "352": "UI_Talent_S_Qiqi_02",
    "353": "UI_Talent_U_Qiqi_01",
    "354": "UI_Talent_S_Qiqi_03",
    "355": "UI_Talent_U_Qiqi_02",
    "356": "UI_Talent_S_Qiqi_04",
    "361": "UI_Talent_S_Chongyun_01",
    "362": "UI_Talent_S_Chongyun_02",
    "363": "UI_Talent_U_Chongyun_01",
    "364": "UI_Talent_S_Chongyun_03",
    "365": "UI_Talent_U_Chongyun_02",
    "366": "UI_Talent_S_Chongyun_04",
    "371": "UI_Talent_S_Ganyu_01",
    "372": "UI_Talent_S_Ganyu_02",
    "373": "UI_Talent_U_Ganyu_01",
    "374": "UI_Talent_S_Ganyu_03",
    "375": "UI_Talent_U_Ganyu_02",
    "376": "UI_Talent_S_Ganyu_04",
    "381": "UI_Talent_S_Albedo_01",
    "382": "UI_Talent_S_Albedo_02",
    "383": "UI_Talent_U_Albedo_01",
    "384": "UI_Talent_S_Albedo_03",
    "385": "UI_Talent_U_Albedo_02",
    "386": "UI_Talent_S_Albedo_04",
    "391": "UI_Talent_S_Diona_01",
    "392": "UI_Talent_S_Diona_02",
    "393": "UI_Talent_U_Diona_01",
    "394": "UI_Talent_S_Diona_03",
    "395": "UI_Talent_U_Diona_02",
    "396": "UI_Talent_S_Diona_04",
    "411": "UI_Talent_S_Mona_01",
    "412": "UI_Talent_S_Mona_02",
    "413": "UI_Talent_U_Mona_01",
    "414": "UI_Talent_S_Mona_03",
    "415": "UI_Talent_U_Mona_02",
    "416": "UI_Talent_S_Mona_04",
    "421": "UI_Talent_S_Keqing_01",
    "422": "UI_Talent_S_Keqing_02",
    "423": "UI_Talent_U_Keqing_01",
    "424": "UI_Talent_S_Keqing_03",
    "425": "UI_Talent_U_Keqing_02",
    "426": "UI_Talent_S_Keqing_04",
    "431": "UI_Talent_S_Sucrose_01",
    "432": "UI_Talent_S_Sucrose_02",
    "433": "UI_Talent_U_Sucrose_01",
    "434": "UI_Talent_S_Sucrose_03",
    "435": "UI_Talent_U_Sucrose_02",
    "436": "UI_Talent_S_Sucrose_04",
    "441": "UI_Talent_S_Xinyan_01",
    "442": "UI_Talent_S_Xinyan_02",
    "443": "UI_Talent_U_Xinyan_01",
    "444": "UI_Talent_S_Xinyan_03",
    "445": "UI_Talent_U_Xinyan_02",
    "446": "UI_Talent_S_Xinyan_04",
    "451": "UI_Talent_S_Rosaria_01",
    "452": "UI_Talent_S_Rosaria_02",
    "453": "UI_Talent_U_Rosaria_01",
    "454": "UI_Talent_S_Rosaria_03",
    "455": "UI_Talent_U_Rosaria_02",
    "456": "UI_Talent_S_Rosaria_04",
    "461": "UI_Talent_S_Hutao_03",
    "462": "UI_Talent_S_Hutao_01",
    "463": "UI_Talent_U_Hutao_01",
    "464": "UI_Talent_S_Hutao_02",
    "465": "UI_Talent_U_Hutao_02",
    "466": "UI_Talent_S_Hutao_04",
    "471": "UI_Talent_S_Kazuha_01",
    "472": "UI_Talent_S_Kazuha_02",
    "473": "UI_Talent_U_Kazuha_01",
    "474": "UI_Talent_S_Kazuha_03",
    "475": "UI_Talent_U_Kazuha_02",
    "476": "UI_Talent_S_Kazuha_04",
    "481": "UI_Talent_S_Feiyan_01",
    "482": "UI_Talent_S_Feiyan_02",
    "483": "UI_Talent_U_Feiyan_01",
    "484": "UI_Talent_S_Feiyan_03",
    "485": "UI_Talent_U_Feiyan_02",
    "486": "UI_Talent_S_Feiyan_04",
    "491": "UI_Talent_S_Yoimiya_01",
    "492": "UI_Talent_S_Yoimiya_02",
    "493": "UI_Talent_U_Yoimiya_01",
    "494": "UI_Talent_S_Yoimiya_03",
    "495": "UI_Talent_U_Yoimiya_02",
    "496": "UI_Talent_S_Yoimiya_04",
    "501": "UI_Talent_S_Tohma_01",
    "502": "UI_Talent_S_Tohma_02",
    "503": "UI_Talent_U_Tohma_01",
    "504": "UI_Talent_S_Tohma_03",
    "505": "UI_Talent_U_Tohma_02",
    "506": "UI_Talent_S_Tohma_04",
    "511": "UI_Talent_S_Eula_02",
    "512": "UI_Talent_S_Eula_01",
    "513": "UI_Talent_U_Eula_01",
    "514": "UI_Talent_S_Eula_03",
    "515": "UI_Talent_U_Eula_02",
    "516": "UI_Talent_S_Eula_04",
    "521": "UI_Talent_S_Shougun_01",
    "522": "UI_Talent_S_Shougun_03",
    "523": "UI_Talent_U_Shougun_02",
    "524": "UI_Talent_S_Shougun_02",
    "525": "UI_Talent_U_Shougun_01",
    "526": "UI_Talent_S_Shougun_04",
    "531": "UI_Talent_S_Sayu_01",
    "532": "UI_Talent_S_Sayu_02",
    "533": "UI_Talent_U_Sayu_02",
    "534": "UI_Talent_S_Sayu_03",
    "535": "UI_Talent_U_Sayu_01",
    "536": "UI_Talent_S_Sayu_04",
    "541": "UI_Talent_S_Kokomi_01",
    "542": "UI_Talent_S_Kokomi_02",
    "543": "UI_Talent_U_Kokomi_02",
    "544": "UI_Talent_S_Kokomi_03",
    "545": "UI_Talent_U_Kokomi_01",
    "546": "UI_Talent_S_Kokomi_04",
    "551": "UI_Talent_S_Gorou_01",
    "552": "UI_Talent_S_Gorou_02",
    "553": "UI_Talent_U_Gorou_01",
    "554": "UI_Talent_S_Gorou_03",
    "555": "UI_Talent_U_Gorou_02",
    "556": "UI_Talent_S_Gorou_04",
    "561": "UI_Talent_S_Sara_05",
    "562": "UI_Talent_S_Sara_02",
    "563": "UI_Talent_U_Sara_02",
    "564": "UI_Talent_S_Sara_03",
    "565": "UI_Talent_U_Sara_01",
    "566": "UI_Talent_S_Sara_04",
    "571": "UI_Talent_S_Itto_01",
    "572": "UI_Talent_S_Itto_02",
    "573": "UI_Talent_U_Itto_01",
    "574": "UI_Talent_S_Itto_03",
    "575": "UI_Talent_U_Itto_02",
    "576": "UI_Talent_S_Itto_04",
    "581": "UI_Talent_S_Yae_01",
    "582": "UI_Talent_S_Yae_02",
    "583": "UI_Talent_U_Yae_01",
    "584": "UI_Talent_S_Yae_03",
    "585": "UI_Talent_U_Yae_02",
    "586": "UI_Talent_S_Yae_04",
    "591": "UI_Talent_S_Heizo_01",
    "592": "UI_Talent_S_Heizo_02",
    "593": "UI_Talent_U_Heizo_01",
    "594": "UI_Talent_S_Heizo_03",
    "595": "UI_Talent_U_Heizo_02",
    "596": "UI_Talent_S_Heizo_04",
    "601": "UI_Talent_S_Yelan_01",
    "602": "UI_Talent_S_Yelan_02",
    "603": "UI_Talent_U_Yelan_01",
    "604": "UI_Talent_S_Yelan_03",
    "605": "UI_Talent_U_Yelan_02",
    "606": "UI_Talent_S_Yelan_04",
    "621": "UI_Talent_S_Aloy_Lock",
    "622": "UI_Talent_S_Aloy_Lock",
    "623": "UI_Talent_S_Aloy_Lock",
    "624": "UI_Talent_S_Aloy_Lock",
    "625": "UI_Talent_S_Aloy_Lock",
    "626": "UI_Talent_S_Aloy_Lock",
    "631": "UI_Talent_S_Shenhe_02",
    "632": "UI_Talent_S_Shenhe_01",
    "633": "UI_Talent_U_Shenhe_01",
    "634": "UI_Talent_S_Shenhe_03",
    "635": "UI_Talent_U_Shenhe_02",
    "636": "UI_Talent_S_Shenhe_04",
    "641": "UI_Talent_S_Yunjin_01",
    "642": "UI_Talent_S_Yunjin_02",
    "643": "UI_Talent_U_Yunjin_01",
    "644": "UI_Talent_S_Yunjin_03",
    "645": "UI_Talent_U_Yunjin_02",
    "646": "UI_Talent_S_Yunjin_04",
    "651": "UI_Talent_S_Shinobu_01",
    "652": "UI_Talent_S_Shinobu_02",
    "653": "UI_Talent_U_Shinobu_01",
    "654": "UI_Talent_S_Shinobu_03",
    "655": "UI_Talent_U_Shinobu_02",
    "656": "UI_Talent_S_Shinobu_04",
    "661": "UI_Talent_S_Ayato_01",
    "662": "UI_Talent_S_Ayato_02",
    "663": "UI_Talent_U_Ayato_02",
    "664": "UI_Talent_S_Ayato_03",
    "665": "UI_Talent_U_Ayato_01",
    "666": "UI_Talent_S_Ayato_04",
    "671": "UI_Talent_S_Collei_01",
    "672": "UI_Talent_S_Collei_02",
    "673": "UI_Talent_U_Collei_02",
    "674": "UI_Talent_S_Collei_03",
    "675": "UI_Talent_U_Collei_01",
    "676": "UI_Talent_S_Collei_04",
    "681": "UI_Talent_S_Dori_01",
    "682": "UI_Talent_S_Dori_02",
    "683": "UI_Talent_U_Dori_02",
    "684": "UI_Talent_S_Dori_03",
    "685": "UI_Talent_U_Dori_01",
    "686": "UI_Talent_S_Dori_04",
    "691": "UI_Talent_S_Tighnari_01",
    "692": "UI_Talent_S_Tighnari_02",
    "693": "UI_Talent_U_Tighnari_01",
    "694": "UI_Talent_S_Tighnari_03",
    "695": "UI_Talent_U_Tighnari_02",
    "696": "UI_Talent_S_Tighnari_04",
    "701": "UI_Talent_S_Nilou_01",
    "702": "UI_Talent_S_Nilou_02",
    "703": "UI_Talent_U_Nilou_01",
    "704": "UI_Talent_S_Nilou_03",
    "705": "UI_Talent_U_Nilou_02",
    "706": "UI_Talent_S_Nilou_04",
    "711": "UI_Talent_S_Cyno_01",
    "712": "UI_Talent_S_Cyno_02",
    "713": "UI_Talent_U_Cyno_01",
    "714": "UI_Talent_S_Cyno_03",
    "715": "UI_Talent_U_Cyno_02",
    "716": "UI_Talent_S_Cyno_04",
    "721": "UI_Talent_S_Candace_01",
    "722": "UI_Talent_S_Candace_02",
    "723": "UI_Talent_U_Candace_01",
    "724": "UI_Talent_S_Candace_03",
    "725": "UI_Talent_U_Candace_02",
    "726": "UI_Talent_S_Candace_04",
    "731": "UI_Talent_S_Nahida_01",
    "732": "UI_Talent_S_Nahida_02",
    "733": "UI_Talent_U_Nahida_01",
    "734": "UI_Talent_S_Nahida_03",
    "735": "UI_Talent_U_Nahida_02",
    "736": "UI_Talent_S_Nahida_04",
    "741": "UI_Talent_S_Layla_01",
    "742": "UI_Talent_S_Layla_02",
    "743": "UI_Talent_U_Layla_01",
    "744": "UI_Talent_S_Layla_03",
    "745": "UI_Talent_U_Layla_02",
    "746": "UI_Talent_S_Layla_04",
    "751": "UI_Talent_S_Wanderer_01",
    "752": "UI_Talent_S_Wanderer_02",
    "753": "UI_Talent_U_Wanderer_02",
    "754": "UI_Talent_S_Wanderer_03",
    "755": "UI_Talent_U_Wanderer_01",
    "756": "UI_Talent_S_Wanderer_04",
    "761": "UI_Talent_S_Faruzan_01",
    "762": "UI_Talent_S_Faruzan_02",
    "763": "UI_Talent_U_Faruzan_01",
    "764": "UI_Talent_S_Faruzan_03",
    "765": "UI_Talent_U_Faruzan_02",
    "766": "UI_Talent_S_Faruzan_04",
    "771": "UI_Talent_S_Yaoyao_01",
    "772": "UI_Talent_S_Yaoyao_02",
    "773": "UI_Talent_U_Yaoyao_01",
    "774": "UI_Talent_S_Yaoyao_03",
    "775": "UI_Talent_U_Yaoyao_02",
    "776": "UI_Talent_S_Yaoyao_04",
    "781": "UI_Talent_S_Alhatham_02",
    "782": "UI_Talent_S_Alhatham_01",
    "783": "UI_Talent_U_Alhatham_01",
    "784": "UI_Talent_S_Alhatham_03",
    "785": "UI_Talent_U_Alhatham_02",
    "786": "UI_Talent_S_Alhatham_04",
    "791": "UI_Talent_S_Dehya_01",
    "792": "UI_Talent_S_Dehya_02",
    "793": "UI_Talent_U_Dehya_01",
    "794": "UI_Talent_S_Dehya_03",
    "795": "UI_Talent_U_Dehya_02",
    "796": "UI_Talent_S_Dehya_04",
    "801": "UI_Talent_S_Mika_01",
    "802": "UI_Talent_S_Mika_02",
    "803": "UI_Talent_U_Mika_01",
    "804": "UI_Talent_S_Mika_03",
    "805": "UI_Talent_U_Mika_02",
    "806": "UI_Talent_S_Mika_04"
  }
}