{
  "Name": {
    "荧": "UI_Gacha_AvatarImg_PlayerGirl",
    "空": "UI_Gacha_AvatarImg_PlayerBoy",

    "胡桃": "UI_Gacha_AvatarImg_Hutao",
    "可莉": "UI_Gacha_AvatarImg_Klee",
    "宵宫": "UI_Gacha_AvatarImg_Yoimiya",
    "迪卢克": "UI_Gacha_AvatarImg_Diluc",
    "烟绯": "UI_Gacha_AvatarImg_Feiyan",
    "香菱": "UI_Gacha_AvatarImg_Xiangling",
    "托马": "UI_Gacha_AvatarImg_Tohma",
    "辛焱": "UI_Gacha_AvatarImg_Xinyan",
    "安柏": "UI_Gacha_AvatarImg_Ambor",
    "班尼特": "UI_Gacha_AvatarImg_Bennett",
    "迪希雅": "UI_Gacha_AvatarImg_Dehya",

    "达达利亚": "UI_Gacha_AvatarImg_Tartaglia",
    "夜兰": "UI_Gacha_AvatarImg_Yelan",
    "珊瑚宫心海": "UI_Gacha_AvatarImg_Kokomi",
    "莫娜": "UI_Gacha_AvatarImg_Mona",
    "神里绫人": "UI_Gacha_AvatarImg_Ayato",
    "芭芭拉": "UI_Costume_BarbaraCostumeSummertime",
    "行秋": "UI_Gacha_AvatarImg_Xingqiu",
    "坎蒂丝": "UI_Gacha_AvatarImg_Candace",
    "妮露": "UI_Gacha_AvatarImg_Nilou",

    "温迪": "UI_Gacha_AvatarImg_Venti",
    "砂糖": "UI_Gacha_AvatarImg_Sucrose",
    "早柚": "UI_Gacha_AvatarImg_Sayu",
    "鹿野院平藏": "UI_Gacha_AvatarImg_Heizo",
    "琴": "UI_Gacha_AvatarImg_Qin",
    "魈": "UI_Gacha_AvatarImg_Xiao",
    "枫原万叶": "UI_Gacha_AvatarImg_Kazuha",
    "流浪者": "UI_Gacha_AvatarImg_Wanderer",
    "珐露珊": "UI_Gacha_AvatarImg_Faruzan",

    "雷电将军": "UI_Gacha_AvatarImg_Shougun",
    "八重神子": "UI_Gacha_AvatarImg_Yae",
    "刻晴": "UI_Gacha_AvatarImg_Keqing",
    "九条裟罗": "UI_Gacha_AvatarImg_Sara",
    "雷泽": "UI_Gacha_AvatarImg_Razor",
    "丽莎": "UI_Gacha_AvatarImg_Lisa",
    "久岐忍": "UI_Gacha_AvatarImg_Shinobu",
    "菲谢尔": "UI_Costume_FischlCostumeHighness",
    "北斗": "UI_Gacha_AvatarImg_Beidou",
    "多莉": "UI_Gacha_AvatarImg_Dori",
    "赛诺": "UI_Gacha_AvatarImg_Cyno",
	
    "柯莱": "UI_Gacha_AvatarImg_Collei",
    "提纳里": "UI_Gacha_AvatarImg_Tighnari",
    "纳西妲": "UI_Gacha_AvatarImg_Nahida",
    "艾尔海森": "UI_Gacha_AvatarImg_Alhatham",
    "瑶瑶": "UI_Gacha_AvatarImg_Yaoyao",

    "神里绫华": "UI_Gacha_AvatarImg_Ayaka",
    "甘雨": "UI_Gacha_AvatarImg_Ganyu",
    "七七": "UI_Gacha_AvatarImg_Qiqi",
    "优菈": "UI_Gacha_AvatarImg_Eula",
    "申鹤": "UI_Gacha_AvatarImg_Shenhe",
    "重云": "UI_Gacha_AvatarImg_Chongyun",
    "迪奥娜": "UI_Gacha_AvatarImg_Diona",
    "罗莎莉亚": "UI_Gacha_AvatarImg_Rosaria",
    "凯亚": "UI_Gacha_AvatarImg_Kaeya",
    "埃洛伊": "UI_Gacha_AvatarImg_Aloy",
    "莱依拉": "UI_Gacha_AvatarImg_Layla",

    "钟离": "UI_Gacha_AvatarImg_Zhongli",
    "荒泷一斗": "UI_Gacha_AvatarImg_Itto",
    "阿贝多": "UI_Gacha_AvatarImg_Albedo",
    "凝光": "UI_Costume_NingguangCostumeFloral",
    "诺艾尔": "UI_Gacha_AvatarImg_Noel",
    "云堇": "UI_Gacha_AvatarImg_Yunjin",
    "五郎": "UI_Gacha_AvatarImg_Gorou"
  },
  "Side_Name": {
    "荧": "UI_AvatarIcon_Side_PlayerGirl",
    "空": "UI_AvatarIcon_Side_PlayerBoy",

    "胡桃": "UI_AvatarIcon_Side_Hutao",
    "可莉": "UI_AvatarIcon_Side_Klee",
    "宵宫": "UI_AvatarIcon_Side_Yoimiya",
    "迪卢克": "UI_AvatarIcon_Side_Diluc",
    "烟绯": "UI_AvatarIcon_Side_Feiyan",
    "香菱": "UI_AvatarIcon_Side_Xiangling",
    "托马": "UI_AvatarIcon_Side_Tohma",
    "辛焱": "UI_AvatarIcon_Side_Xinyan",
    "安柏": "UI_AvatarIcon_Side_Ambor",
    "班尼特": "UI_AvatarIcon_Side_Bennett",
    "迪希雅": "UI_AvatarIcon_Side_Dehya",

    "达达利亚": "UI_AvatarIcon_Side_Tartaglia",
    "夜兰": "UI_AvatarIcon_Side_Yelan",
    "珊瑚宫心海": "UI_AvatarIcon_Side_Kokomi",
    "莫娜": "UI_AvatarIcon_Side_Mona",
    "神里绫人": "UI_AvatarIcon_Side_Ayato",
    "芭芭拉": "UI_AvatarIcon_Side_Barbara",
    "行秋": "UI_AvatarIcon_Side_Xingqiu",
    "坎蒂丝": "UI_AvatarIcon_Side_Candace",
    "妮露": "UI_AvatarIcon_Side_Nilou",

    "温迪": "UI_AvatarIcon_Side_Venti",
    "砂糖": "UI_AvatarIcon_Side_Sucrose",
    "早柚": "UI_AvatarIcon_Side_Sayu",
    "鹿野院平藏": "UI_AvatarIcon_Side_Heizo",
    "琴": "UI_AvatarIcon_Side_Qin",
    "魈": "UI_AvatarIcon_Side_Xiao",
    "枫原万叶": "UI_AvatarIcon_Side_Kazuha",
    "流浪者": "UI_AvatarIcon_Side_Wanderer",
    "珐露珊": "UI_AvatarIcon_Side_Faruzan",

    "雷电将军": "UI_AvatarIcon_Side_Shougun",
    "八重神子": "UI_AvatarIcon_Side_Yae",
    "刻晴": "UI_AvatarIcon_Side_Keqing",
    "九条裟罗": "UI_AvatarIcon_Side_Sara",
    "雷泽": "UI_AvatarIcon_Side_Razor",
    "丽莎": "UI_AvatarIcon_Side_Lisa",
    "久岐忍": "UI_AvatarIcon_Side_Shinobu",
    "菲谢尔": "UI_AvatarIcon_Side_Fischl",
    "北斗": "UI_AvatarIcon_Side_Beidou",
    "多莉": "UI_AvatarIcon_Side_Dori",
    "赛诺": "UI_AvatarIcon_Side_Cyno",

    "柯莱": "UI_AvatarIcon_Side_Collei",
    "提纳里": "UI_AvatarIcon_Side_Tighnari",
    "纳西妲": "UI_AvatarIcon_Side_Nahida",
    "艾尔海森": "UI_AvatarIcon_Side_Alhatham",
    "瑶瑶": "UI_AvatarIcon_Side_Yaoyao",

    "神里绫华": "UI_AvatarIcon_Side_Ayaka",
    "甘雨": "UI_AvatarIcon_Side_Ganyu",
    "七七": "UI_AvatarIcon_Side_Qiqi",
    "优菈": "UI_AvatarIcon_Side_Eula",
    "申鹤": "UI_AvatarIcon_Side_Shenhe",
    "重云": "UI_AvatarIcon_Side_Chongyun",
    "迪奥娜": "UI_AvatarIcon_Side_Diona",
    "罗莎莉亚": "UI_AvatarIcon_Side_Rosaria",
    "凯亚": "UI_AvatarIcon_Side_Kaeya",
    "埃洛伊": "UI_AvatarIcon_Side_Aloy",
    "莱依拉": "UI_AvatarIcon_Side_Layla",

    "钟离": "UI_AvatarIcon_Side_Zhongli",
    "荒泷一斗": "UI_AvatarIcon_Side_Itto",
    "阿贝多": "UI_AvatarIcon_Side_Albedo",
    "凝光": "UI_AvatarIcon_Side_Ningguang",
    "诺艾尔": "UI_AvatarIcon_Side_Noel",
    "云堇": "UI_AvatarIcon_Side_Yunjin",
    "五郎": "UI_AvatarIcon_Side_Gorou"
  }
}