{
  "Name": {
    "10001": "单手剑重攻击",
    "10002": "长枪重攻击",
    "10003": "法器重击",
    "10004": "双手剑单次重击",
    "10006": "蓄力技能教学触发器",
    "10011": "五连击",
    "10101": "武器技能CD",
    "10102": "队伍天赋共CD",
    "10111": "神里绫华空中连斩",
    "10012": "凯特测试技能",
    "10013": "神里流·霰步",
    "10014": "凯特-穿透电流",
    "10015": "冰风魔",
    "10016": "木锭壁",
    "10017": "箭雨",
    "10018": "神里流·冰华",
    "10019": "神里流·霜灭",
    "10020": "水激流冰华",
    "10021": "水激流霜灭",
    "10024": "普通攻击·神里流·倾",
    "10031": "普通攻击·西风剑术",
    "10032": "爆弹玩偶",
    "10033": "风压剑",
    "10034": "蒲公英之风",
    "10035": "潜入诱饵",
    "10036": "琴队伍机制",
    "10037": "空中投弹",
    "10038": "一斗个人线撒豆",
    "10041": "普通攻击·神射手",
    "10044": "安柏队伍天赋技能",
    "10053": "水激流-破隐一击",
    "10054": "普通攻击·故去的追忆",
    "10055": "普通攻击·故去的追忆",
    "10056": "主角(水)",
    "10057": "主角(风)",
    "10058": "主角(冰)",
    "10059": "主角(岩)",
    "10060": "普通攻击·指尖雷暴",
    "10061": "苍雷",
    "10062": "蔷薇的雷光",
    "10063": "测试角色5-01",
    "10064": "测试角色5-02",
    "10065": "测试角色5-03",
    "10066": "kevin震击",
    "10067": "风涡剑",
    "10068": "风息激荡",
    "10069": "kate测试普通攻击",
    "10070": "普通攻击·水之浅唱",
    "10071": "演唱，开始♪",
    "10072": "闪耀奇迹♪",
    "10073": "普通攻击·仪典剑术",
    "10074": "霜袭",
    "10075": "凛冽轮舞",
    "10076": "Barbara天赋技能",
    "10077": "星陨剑",
    "10078": "岩潮叠嶂",
    "10079": "Barbara天赋技能",
    "10080": "Barbara天赋技能",
    "10081": "Kaeya天赋技能",
    "10082": "Barbara队伍天赋技能",
    "10083": "Lisa队伍天赋技能",
    "10117": "草缘剑",
    "10118": "偃草若化",
    "10160": "普通攻击·淬炼之剑",
    "10161": "逆焰之刃",
    "10162": "逆焰之刃",
    "10163": "逆焰之刃",
    "10165": "黎明",
    "10166": "Diluc队伍机制",
    "10201": "普通攻击·钢脊",
    "10202": "利爪与苍雷",
    "10203": "雷牙",
    "10204": "雷泽小技能（狼神）",
    "10211": "安柏空中连射",
    "10221": "普通攻击·神代射术",
    "10222": "温迪长按瞄准",
    "10223": "温迪瞄准模式",
    "10224": "高天之歌",
    "10225": "风神之诗",
    "10231": "普通攻击·白案功夫",
    "10232": "锅巴出击",
    "10235": "旋火轮",
    "10241": "普通攻击·征涛",
    "10242": "捉浪",
    "10245": "斫雷",
    "20000": "进入瞄准模式",
    "10251": "阿葵丽雅点射",
    "10252": "阿葵丽雅长按瞄准",
    "10253": "阿葵丽雅瞄准模式",
    "10254": "冰爆弓",
    "10255": "霜寒病毒",
    "10261": "普通攻击·卷积微尘",
    "10262": "风轮两立",
    "10263": "魈冲抓(空中）",
    "10264": "魈空中攻击",
    "10265": "靖妖傩舞",
    "10271": "普通攻击·千金掷",
    "10272": "璇玑屏",
    "10273": "凝光小技能替换技能",
    "10274": "天权崩玉",
    "10275": "凝光触发小技能CD技能",
    "10281": "白盒普攻",
    "10282": "白盒小技能",
    "10283": "穿刺攻",
    "10291": "普通攻击·砰砰",
    "10292": "蹦蹦炸弹",
    "10295": "轰轰火花",
    "10300": "白盒技能连续爆弹",
    "10301": "普通攻击·岩雨",
    "10302": "地心",
    "10303": "天星",
    "10311": "普通攻击·罪灭之矢",
    "10312": "夜巡影翼",
    "10313": "至夜幻现",
    "10314": "菲谢尔长按瞄准",
    "10315": "菲谢尔瞄准模式",
    "10316": "菲谢尔小技能-重置乌鸦位置",
    "10321": "普通攻击·好运剑",
    "10322": "热情过载",
    "10323": "美妙旅程",
    "10331": "普通攻击·断雨",
    "10332": "魔王武装·狂澜",
    "10333": "极恶技·尽灭闪",
    "10334": "达达利亚进入瞄准",
    "10335": "达达利亚触发射击",
    "10336": "达达利亚小技能取消按钮",
    "10337": "达达利亚近战姿态普攻",
    "10341": "普通攻击·西风剑术·女仆",
    "10342": "护心铠",
    "10343": "大扫除",
    "10344": "诺艾尔被动天赋（上盾）",
    "10351": "普通攻击·云来古剑法",
    "10352": "仙法·寒病鬼差",
    "10353": "仙法·救苦度厄",
    "10355": "七七复活技能",
    "10371": "普通攻击·流天射术",
    "10372": "山泽麟迹",
    "10373": "降众天华",
    "10374": "花雨",
    "11301": "菲谢尔普攻",
    "11302": "菲谢尔小技能",
    "11305": "菲谢尔充能技",
    "10256": "风魔遁-地面",
    "10257": "风魔遁-空遁",
    "10258": "冰爆弓",
    "10259": "霜寒病毒",
    "10362": "重云小技能白盒测试",
    "10363": "雷主角小技能白盒测试",
    "10364": "雷主角小技能白盒测试",
    "10365": "雷主角小技能白盒测试1",
    "11371": "Rx白盒测试普攻",
    "11372": "Rx白盒测试技能1",
    "11373": "Rx白盒测试技能2",
    "11374": "Rx白盒进入瞄准",
    "11375": "Rx白盒触发射击",
    "10381": "普通攻击·古华剑法",
    "10382": "古华剑·画雨笼山",
    "10385": "古华剑·裁雨留虹",
    "10386": "普通攻击·西风剑术·白",
    "10387": "创生法·拟造阳华",
    "10388": "诞生式·大地之潮",
    "10391": "普通攻击·猎人射术",
    "10392": "猫爪冻冻",
    "10393": "迪奥娜长按瞄准",
    "10394": "迪奥娜瞄准模式",
    "10395": "最烈特调",
    "10401": "普通攻击·灭邪四式",
    "10402": "灵刃·重华叠霜",
    "10403": "灵刃·云开星落",
    "10411": "普通攻击·因果点破",
    "10412": "水中幻愿",
    "10413": "虚实流动",
    "10415": "星命定轨",
    "10421": "普通攻击·云来剑法",
    "10422": "星斗归位",
    "10423": "星斗归位",
    "10425": "天街巡游",
    "10431": "普通攻击·简式风灵作成",
    "10432": "风灵作成·陆叁零捌",
    "10433": "砂糖空中跳跃",
    "10434": "砂糖空中跳跃（伪）",
    "10435": "禁·风灵作成·柒伍同构贰型",
    "10441": "普通攻击·炎舞",
    "10442": "热情拂扫",
    "10443": "叛逆刮弦",
    "10451": "普通攻击·教会枪术",
    "10452": "噬罪的告解",
    "10453": "终命的圣礼",
    "10461": "普通攻击·往生秘传枪法",
    "10462": "蝶引来生",
    "10463": "安神秘法",
    "10464": "胡桃命之座相关",
    "10471": "普通攻击·我流剑术",
    "10472": "千早振",
    "10473": "千早振",
    "10474": "下落攻击·乱岚拨止",
    "10475": "万叶之一刀",
    "10481": "普通攻击·火漆制印",
    "10482": "丹书立约",
    "10485": "凭此结契",
    "10491": "普通攻击·烟火打扬",
    "10492": "焰硝庭火舞",
    "10493": "宵宫长按瞄准/瞄准模式",
    "10495": "琉金云间草",
    "10501": "普通攻击·迅破枪势",
    "10502": "烈烧佑命之侍护",
    "10505": "真红炽火之大铠",
    "10511": "普通攻击·西风剑术·宗室",
    "10512": "冰潮的涡旋",
    "10515": "凝浪之光剑",
    "10521": "普通攻击·源流",
    "10522": "神变·恶曜开眼",
    "10525": "奥义·梦想真说",
    "10531": "普通攻击·忍刀·终末番",
    "10532": "呜呼流·风隐急进",
    "10533": "呜呼流·风隐急进",
    "10535": "呜呼流·影貉缭乱",
    "10541": "普通攻击·水有常形",
    "10542": "海月之誓",
    "10545": "海人化羽",
    "10551": "普通攻击·呲牙裂扇箭",
    "10552": "犬坂吠吠方圆阵",
    "10553": "五郎长按瞄准",
    "10554": "五郎瞄准模式",
    "10555": "兽牙逐突形胜战法",
    "10561": "普通攻击·天狗传弓术",
    "10562": "鸦羽天狗霆雷召咒",
    "10563": "九条裟罗长按瞄准",
    "10564": "九条裟罗瞄准模式",
    "10565": "煌煌千道镇式",
    "10571": "普通攻击· 喧哗屋传说",
    "10572": "魔杀绝技·赤牛发破！",
    "10575": "最恶鬼王·一斗轰临！！",
    "10581": "普通攻击·狐灵食罪式",
    "10582": "野干役咒·杀生樱",
    "10583": "元素战技（空中）",
    "10585": "大密法·天狐显真",
    "10591": "普通攻击·不动流格斗术",
    "10592": "勠心拳",
    "10595": "聚风蹴",
    "10602": "雷影剑",
    "10605": "雷轰电转",
    "10606": "普通攻击·潜形隐曜弓",
    "10607": "萦络纵命索",
    "10608": "夜兰-长按瞄准/瞄准模式",
    "10609": "夜兰-元素战技",
    "10610": "渊图玲珑骰",
    "10621": "普通攻击·快速射击",
    "10622": "冰尘雪野",
    "10623": "埃洛伊瞄准射击",
    "10624": "埃洛伊普通攻击",
    "10631": "普通攻击·踏辰摄斗",
    "10632": "仰灵威召将役咒",
    "10635": "神女遣灵真诀",
    "10625": "曙光预言",
    "10641": "普通攻击·拂云出手",
    "10642": "旋云开相",
    "10643": "破嶂见旌仪",
    "10651": "普通攻击·忍流飞刃斩",
    "10652": "越祓雷草之轮",
    "10655": "御咏鸣神刈山祭",
    "10656": "久岐忍命6护死CD",
    "10657": "久岐忍命6精通CD",
    "10661": "普通攻击·神里流·转",
    "10662": "神里流·镜花",
    "10663": "瞬水剑（绫人特殊攻击用）",
    "10665": "神里流·水囿",
    "10671": "普通攻击·祈颂射艺",
    "10672": "拂花偈叶",
    "10675": "猫猫秘宝",
    "10674": "柯莱瞄准模式",
    "10681": "普通攻击·妙显剑舞·改",
    "10682": "镇灵之灯·烦恼解决炮",
    "10685": "卡萨扎莱宫的无微不至",
    "10691": "普通攻击·藏蕴破障",
    "10692": "识果种雷",
    "10693": "提纳里长按/瞄准模式",
    "10695": "造生缠藤箭",
    "10701": "普通攻击·弦月舞步",
    "10702": "七域舞步",
    "10703": "妮露元素战技2",
    "10704": "妮露元素战技3",
    "10706": "妮露元素战技特殊A",
    "10707": "妮露元素战技特殊E",
    "10705": "浮莲舞步·远梦聆泉",
    "10708": "妮露元素战技1命六用",
    "10711": "普通攻击·七圣枪术",
    "10712": "秘仪·律渊渡魂",
    "10713": "赛诺元素战技开大后",
    "10715": "圣仪·煟煌随狼行",
    "10721": "普通攻击·流耀枪术·守势",
    "10722": "圣仪·苍鹭庇卫",
    "10725": "圣仪·灰鸰衒潮",
    "10731": "普通攻击·行相",
    "10732": "所闻遍计",
    "10735": "心景幻成",
    "10741": "普通攻击·熠辉轨度剑",
    "10742": "垂裳端凝之夜",
    "10745": "星流摇床之梦",
    "10751": "普通攻击·行幡鸣弦",
    "10752": "羽画·风姿华歌",
    "10753": "狂言·式乐五番",
    "10755": "狂言·式乐五番",
    "10756": "流浪者元素战技",
    "10757": "流浪者元素战技",
    "10758": "流浪者元素战技",
    "10759": "流浪者元素战技",
    "10750": "流浪者元素战技",
    "10761": "普通攻击·迴身箭术",
    "10762": "非想风天",
    "10764": "珐露珊长按/瞄准模式",
    "10765": "抟风秘道",
    "10771": "普通攻击·颠扑连环枪",
    "10772": "云台团团降芦菔",
    "10775": "玉颗珊珊月中落",
    "10781": "普通攻击·溯因反绎法",
    "10782": "共相·理式摹写",
    "10785": "殊境·显象缚结",
    "10791": "普通攻击·拂金剑斗术",
    "10792": "熔铁流狱",
    "10793": "迪希雅元素战技-二段收刀",
    "10794": "迪希雅元素爆发_QTE",
    "10795": "炎啸狮子咬",
    "10801": "普通攻击·西风枪术·镝传",
    "10802": "星霜的流旋",
    "10805": "苍翎的颂愿",
    "20001": "风魔炮",
    "20002": "风魔炮",
    "20011": "飞行挑战 - 前冲",
    "20012": "飞行挑战 - 上冲",
    "20020": "纯水精灵",
    "20021": "羽球节-发球",
    "20022": "羽球节-接球",
    "20023": "羽球节-单体",
    "20024": "羽球节-爆破",
    "20025": "羽球节-破盾",
    "20026": "羽球节-单体",
    "20027": "羽球节-爆破",
    "20028": "羽球节-破盾",
    "20029": "羽球节-接球",
    "20030": "元素战技",
    "20031": "元素爆发",
    "20032": "手鞠游戏-放置球",
    "20033": "飞雷核",
    "20034": "飞雷核",
    "20035": "禁用元素战记",
    "20036": "禁用菲谢尔元素战技",
    "20037": "禁用菲谢尔元素爆发",
    "20040": "大世界动物-发射子弹",
    "20041": "活动动物-发射子弹",
    "20042": "2.5测试用大世界动物-发射子弹",
    "20043": "钩爪占位",
    "20044": "钩爪占位",
    "20045": "3.1抓捕野猪-投掷",
    "20049": "大世界抓捕蕈兽-发射子弹",
    "20051": "蕈兽战斗-集火",
    "20054": "3.2散兵2阶段瞄准射击",
    "20055": "3.2禁用元素战技",
    "20056": "3.2禁用元素爆发",
    "20057": "弹跳球占位",
    "20058": "弹跳球占位",
    "20100": "捕获！",
    "20101": "捕获！",
    "20110": "神秘预感",
    "20111": "感应光环",
    "20120": "狩猎直觉",
    "20121": "洞察全局",
    "20122": "禁锢诅咒",
    "20200": "伪装",
    "20201": "伪装",
    "20210": "透明戏法",
    "20212": "透明戏法",
    "20211": "诱饵战术",
    "20213": "诱饵战术",
    "20220": "星步疾行",
    "20202": "伪装",
    "20203": "伪装",
    "20214": "诱饵战术",
    "20215": "诱饵战术",
    "20400": "捕获！",
    "20401": "捕获！",
    "20410": "神秘预感",
    "20411": "感应光环",
    "20420": "狩猎直觉",
    "20421": "洞察全局",
    "20422": "禁锢诅咒",
    "20500": "伪装",
    "20501": "伪装",
    "20510": "透明戏法",
    "20512": "透明戏法",
    "20511": "诱饵战术",
    "20513": "诱饵战术",
    "20520": "星步疾行",
    "20521": "猎手投网",
    "20522": "幻形信标",
    "20523": "匿踪信标",
    "20524": "神秘预感",
    "20525": "伪装",
    "20526": "伪装",
    "20310": "进入钓鱼选竿状态",
    "20311": "进入钓鱼瞄准状态",
    "20312": "QTE启动按键",
    "20313": "QTE战斗按键",
    "20314": "收竿",
    "20315": "退出钓鱼状态",
    "20316": "换鱼饵",
    "20320": "格挡玩法-格挡键",
    "20321": "格挡玩法-必杀技1",
    "20322": "格挡玩法-必杀技2",
    "20323": "格挡玩法-必杀技3",
    "20330": "兰那罗小道具-发射",
    "20331": "兰那罗小道具-切换",
    "20340": "打砖块发球",
    "20341": "3.4跑酷冲刺",
    "20342": "3.4跑酷冲刺空中",
    "20345": "3.5吃豆人",
    "10384": "抓猫扔鱼",
    "100540": "普通攻击·故去的追忆",
    "100541": "旅行者五连击(火)",
    "100542": "旅行者五连击(水)",
    "100543": "普通攻击·异邦铁风",
    "100544": "旅行者五连击(冰)",
    "100545": "普通攻击·异邦岩锋",
    "100546": "普通攻击·异邦惊雷",
    "100547": "普通攻击·异邦草翦",
    "100550": "普通攻击·故去的追忆",
    "100551": "旅行者五连击(火)",
    "100552": "旅行者五连击(水)",
    "100553": "普通攻击·异邦铁风",
    "100554": "旅行者五连击(冰)",
    "100555": "普通攻击·异邦岩锋",
    "100556": "普通攻击·异邦惊雷",
    "100557": "普通攻击·异邦草翦",
    "5002010": "神里绫华空中攻击",
    "5003010": "琴空中攻击",
    "5005010": "男主角空中攻击",
    "5005020": "男主角(火)空中攻击",
    "5005030": "男主角(水)空中攻击",
    "5005040": "男主角(风)空中攻击",
    "5005050": "男主角(冰)空中攻击",
    "5005060": "男主角(岩)空中攻击",
    "5005070": "男主角(电)空中攻击",
    "5005080": "男主角(草)空中攻击",
    "5006010": "丽莎空中攻击",
    "5007010": "女主角空中攻击",
    "5007020": "女主角(火)空中攻击",
    "5007030": "女主角(水)空中攻击",
    "5007040": "女主角(风)空中攻击",
    "5007050": "女主角(冰)空中攻击",
    "5007060": "女主角(岩)空中攻击",
    "5007070": "女主角(电)空中攻击",
    "5007080": "女主角(草)空中攻击",
    "5014010": "芭芭拉空中攻击",
    "5015010": "凯亚空中攻击",
    "5016010": "迪卢克空中攻击",
    "5020010": "雷泽空中攻击",
    "5021010": "安柏空中攻击",
    "5022010": "温迪空中攻击",
    "5023010": "香菱空中攻击",
    "5024010": "北斗空中攻击",
    "5025010": "行秋空中攻击",
    "5026010": "魈空中攻击",
    "5027010": "凝光空中攻击",
    "5029010": "可莉空中攻击",
    "5030010": "钟离空中攻击",
    "5031010": "菲谢尔空中攻击",
    "5032010": "班尼特空中攻击",
    "5033010": "达达利亚空中攻击",
    "5034010": "诺艾尔空中攻击",
    "5035010": "七七空中攻击",
    "5036010": "重云空中攻击",
    "5037010": "甘雨空中攻击",
    "5038010": "阿贝多空中攻击",
    "5039010": "迪奥娜空中攻击",
    "5041010": "莫娜空中攻击",
    "5042010": "刻晴空中攻击",
    "5043010": "砂糖空中攻击",
    "5044010": "辛焱空中攻击",
    "5045010": "罗莎莉亚空中攻击",
    "5046010": "胡桃空中攻击",
    "5047010": "枫原万叶空中攻击",
    "5048010": "烟绯空中攻击",
    "5049010": "宵宫空中攻击",
    "5050010": "测试角色50空中攻击",
    "5051010": "优菈空中攻击",
    "5052010": "雷电将军空中攻击",
    "5053010": "早柚空中攻击",
    "5054010": "珊瑚宫心海空中攻击",
    "5055010": "五郎空中攻击",
    "5056010": "九条裟罗空中攻击",
    "5058010": "测试角色空中攻击",
    "5057010": "荒泷一斗空中攻击",
    "5059010": "鹿野院平藏空中攻击",
    "5060010": "夜兰空中攻击",
    "5062010": "埃洛伊空中攻击",
    "5063010": "申鹤空中攻击",
    "5064010": "云堇空中攻击",
    "5065010": "久岐忍空中攻击",
    "5066010": "神里绫人空中攻击",
    "5067010": "柯莱空中攻击",
    "5068010": "多莉空中攻击",
    "5069010": "提纳里空中攻击",
    "5070010": "妮露空中攻击",
    "5071010": "赛诺空中攻击",
    "5072010": "坎蒂丝空中攻击",
    "5073010": "纳西妲空中攻击",
    "5074010": "莱依拉空中攻击",
    "5075010": "流浪者空中攻击",
    "5076010": "空中攻击",
    "5077010": "瑶瑶空中攻击",
    "5078010": "艾尔海森空中攻击",
    "5079010": "迪希雅空中攻击",
    "5080010": "米卡空中攻击"
  },
  "Icon": {
    "10001": "",
    "10002": "",
    "10003": "",
    "10004": "",
    "10006": "",
    "10011": "Skill_A_01",
    "10101": "",
    "10102": "",
    "10111": "Skill_A_01",
    "10012": "Skill_S_Kate_01",
    "10013": "Skill_S_Ayaka_02",
    "10014": "Skill_E_Kate",
    "10015": "Skill_E_Ayaka",
    "10016": "Skill_E_Qin",
    "10017": "Skill_E_Ambor",
    "10018": "Skill_S_Ayaka_01",
    "10019": "Skill_E_Ayaka",
    "10020": "Skill_S_Ayaka_01",
    "10021": "Skill_E_Ayaka",
    "10024": "Skill_A_01",
    "10031": "Skill_A_01",
    "10032": "Skill_S_Ambor_01",
    "10033": "Skill_S_Qin_02",
    "10034": "Skill_E_Qin_01",
    "10035": "Btn_Recon_Bait",
    "10036": "Skill_E_Kate",
    "10037": "Btn_Recon_Bait",
    "10038": "Btn_Recon_Bait_Beans",
    "10041": "Skill_A_02",
    "10044": "Skill_E_Kate",
    "10053": "Skill_S_Ayaka_02",
    "10054": "Skill_A_01",
    "10055": "Skill_A_01",
    "10056": "Skill_A_01",
    "10057": "Skill_A_01",
    "10058": "Skill_A_01",
    "10059": "Skill_A_01",
    "10060": "Skill_A_Catalyst_MD",
    "10061": "Skill_S_Lisa_01",
    "10062": "Skill_E_Lisa_01",
    "10063": "Skill_E_Ayaka",
    "10064": "Skill_S_Ayaka_01",
    "10065": "Skill_S_Ambor_01",
    "10066": "Skill_E_Kate",
    "10067": "Skill_S_PlayerWind_01",
    "10068": "Skill_E_PlayerWind_01",
    "10069": "Skill_A_01",
    "10070": "Skill_A_Catalyst_MD",
    "10071": "Skill_S_Barbara_01",
    "10072": "Skill_E_Barbara_01",
    "10073": "Skill_A_01",
    "10074": "Skill_S_Kaeya_01",
    "10075": "Skill_E_Kaeya_01",
    "10076": "Skill_E_Kate",
    "10077": "Skill_S_PlayerRock_01",
    "10078": "Skill_E_PlayerRock_01",
    "10079": "Skill_E_Kate",
    "10080": "Skill_E_Kate",
    "10081": "Skill_E_Kate",
    "10082": "Skill_E_Kate",
    "10083": "Skill_E_Kate",
    "10117": "Skill_E_PlayerGrass_01",
    "10118": "Skill_S_PlayerGrass_01",
    "10160": "Skill_A_04",
    "10161": "Skill_S_Diluc_01_01",
    "10162": "Skill_S_Diluc_01_02",
    "10163": "Skill_S_Diluc_01_03",
    "10165": "Skill_E_Diluc_01",
    "10166": "Skill_E_Kate",
    "10201": "Skill_A_04",
    "10202": "Skill_S_Razor_01",
    "10203": "Skill_E_Razor_01",
    "10204": "Skill_S_Ayaka_02",
    "10211": "Skill_A_02",
    "10221": "Skill_A_02",
    "10222": "Skill_A_02",
    "10223": "Skill_A_02",
    "10224": "Skill_S_Venti_01",
    "10225": "Skill_E_Venti_01",
    "10231": "Skill_A_03",
    "10232": "Skill_S_Xiangling_01",
    "10235": "Skill_E_Xiangling_01",
    "10241": "Skill_A_04",
    "10242": "Skill_S_Beidou_01",
    "10245": "Skill_E_Beidou_01",
    "20000": "Main_AimActive",
    "10251": "Skill_A_02",
    "10252": "Skill_A_02",
    "10253": "Skill_A_02",
    "10254": "Skill_S_Ayaka_01",
    "10255": "Skill_E_Ayaka",
    "10261": "Skill_A_03",
    "10262": "Skill_S_Xiao_01",
    "10263": "Skill_S_Xiao_01",
    "10264": "Skill_A_03",
    "10265": "Skill_E_Xiao_01",
    "10271": "Skill_A_Catalyst_MD",
    "10272": "Skill_S_Ningguang_01",
    "10273": "Skill_S_Ningguang_02",
    "10274": "Skill_E_Ningguang_01",
    "10275": "Skill_E_Ayaka",
    "10281": "Skill_A_01",
    "10282": "Skill_A_01",
    "10283": "Skill_S_Ayaka_01",
    "10291": "Skill_A_Catalyst_MD",
    "10292": "Skill_S_Klee_01",
    "10295": "Skill_E_Klee_01",
    "10300": "Skill_A_01",
    "10301": "Skill_A_03",
    "10302": "Skill_S_Zhongli_01",
    "10303": "Skill_E_Zhongli_01",
    "10311": "Skill_A_02",
    "10312": "Skill_S_Fischl_01",
    "10313": "Skill_E_Fischl_01",
    "10314": "Skill_A_02",
    "10315": "Skill_A_02",
    "10316": "Skill_S_Fischl_02",
    "10321": "Skill_A_01",
    "10322": "Skill_S_Bennett_01",
    "10323": "Skill_E_Bennett_01",
    "10331": "Skill_A_02",
    "10332": "Skill_S_Tartaglia_01",
    "10333": "Skill_E_Tartaglia_01",
    "10334": "Skill_A_02",
    "10335": "Skill_A_02",
    "10336": "Skill_S_Tartaglia_02",
    "10337": "Skill_A_01",
    "10341": "Skill_A_04",
    "10342": "Skill_S_Noel_01",
    "10343": "Skill_E_Noel_01",
    "10344": "Skill_E_Kate",
    "10351": "Skill_A_01",
    "10352": "Skill_S_Qiqi_01",
    "10353": "Skill_E_Qiqi_01",
    "10355": "Skill_E_Kate",
    "10371": "Skill_A_02",
    "10372": "Skill_S_Ganyu_01",
    "10373": "Skill_E_Ganyu_01",
    "10374": "Skill_A_02",
    "11301": "Skill_A_02",
    "11302": "Skill_S_Ambor_01",
    "11305": "Skill_E_Beidou_01",
    "10256": "Skill_S_Ayaka_01",
    "10257": "Skill_S_Ayaka_01",
    "10258": "Skill_S_Ayaka_01",
    "10259": "Skill_E_Ayaka",
    "10362": "Skill_E_Ayaka",
    "10363": "Skill_E_Ayaka",
    "10364": "Skill_S_Ayaka_01",
    "10365": "Skill_E_Ayaka",
    "11371": "Skill_A_02",
    "11372": "Skill_S_Razor_01",
    "11373": "Skill_E_Razor_01",
    "11374": "Skill_A_02",
    "11375": "Skill_A_02",
    "10381": "Skill_A_01",
    "10382": "Skill_S_Xingqiu_01",
    "10385": "Skill_E_Xingqiu_01",
    "10386": "Skill_A_01",
    "10387": "Skill_S_Albedo_01",
    "10388": "Skill_E_Albedo_01",
    "10391": "Skill_A_02",
    "10392": "Skill_S_Diona_01",
    "10393": "Skill_A_02",
    "10394": "Skill_A_02",
    "10395": "Skill_E_Diona_01",
    "10401": "Skill_A_04",
    "10402": "Skill_S_Chongyun_01",
    "10403": "Skill_E_Chongyun_01",
    "10411": "Skill_A_Catalyst_MD",
    "10412": "Skill_S_Mona_01",
    "10413": "Skill_S_Mona_02",
    "10415": "Skill_E_Mona_01",
    "10421": "Skill_A_01",
    "10422": "Skill_S_Keqing_01",
    "10423": "Skill_S_Keqing_02",
    "10425": "Skill_E_Keqing_01",
    "10431": "Skill_A_Catalyst_MD",
    "10432": "Skill_S_Sucrose_01",
    "10433": "Skill_S_Sucrose_02",
    "10434": "Skill_S_Sucrose_02",
    "10435": "Skill_E_Sucrose_01",
    "10441": "Skill_A_04",
    "10442": "Skill_S_Xinyan_01",
    "10443": "Skill_E_Xinyan_01",
    "10451": "Skill_A_03",
    "10452": "Skill_S_Rosaria_01",
    "10453": "Skill_E_Rosaria_01",
    "10461": "Skill_A_03",
    "10462": "Skill_S_Hutao_01",
    "10463": "Skill_E_Hutao_01",
    "10464": "Skill_A_03",
    "10471": "Skill_A_01",
    "10472": "Skill_S_Kazuha_01",
    "10473": "Skill_S_Kazuha_01",
    "10474": "Skill_S_Kazuha_02",
    "10475": "Skill_E_Kazuha_01",
    "10481": "Skill_A_Catalyst_MD",
    "10482": "Skill_S_Feiyan_01",
    "10485": "Skill_E_Feiyan_01",
    "10491": "Skill_A_02",
    "10492": "Skill_S_Yoimiya_01",
    "10493": "Skill_A_02",
    "10495": "Skill_E_Yoimiya_01",
    "10501": "Skill_A_03",
    "10502": "Skill_S_Tohma_01",
    "10505": "Skill_E_Tohma_01",
    "10511": "Skill_A_04",
    "10512": "Skill_S_Eula_01",
    "10515": "Skill_E_Eula_01",
    "10521": "Skill_A_03",
    "10522": "Skill_S_Shougun_01",
    "10525": "Skill_E_Shougun_01",
    "10531": "Skill_A_04",
    "10532": "Skill_S_Sayu_01",
    "10533": "Skill_S_Sayu_02",
    "10535": "Skill_E_Sayu_01",
    "10541": "Skill_A_Catalyst_MD",
    "10542": "Skill_S_Kokomi_01",
    "10545": "Skill_E_Kokomi_01",
    "10551": "Skill_A_02",
    "10552": "Skill_S_Gorou_01",
    "10553": "Skill_A_02",
    "10554": "Skill_A_02",
    "10555": "Skill_E_Gorou_01",
    "10561": "Skill_A_02",
    "10562": "Skill_S_Sara_01",
    "10563": "Skill_A_02",
    "10564": "Skill_A_02",
    "10565": "Skill_E_Sara_01",
    "10571": "Skill_A_04",
    "10572": "Skill_S_Itto_01",
    "10575": "Skill_E_Itto_01",
    "10581": "Skill_A_Catalyst_MD",
    "10582": "Skill_S_Yae_01",
    "10583": "",
    "10585": "Skill_E_Yae_01",
    "10591": "Skill_A_Catalyst_MD",
    "10592": "Skill_S_Heizo_01",
    "10595": "Skill_E_Heizo_01",
    "10602": "Skill_S_PlayerElectric_01",
    "10605": "Skill_E_PlayerElectric_01",
    "10606": "Skill_A_02",
    "10607": "Skill_S_Yelan_01",
    "10608": "Skill_A_02",
    "10609": "Skill_S_Yelan_02",
    "10610": "Skill_E_Yelan_01",
    "10621": "Skill_A_02",
    "10622": "Skill_S_Aloy_01",
    "10623": "Skill_A_02",
    "10624": "Skill_A_02",
    "10631": "Skill_A_03",
    "10632": "Skill_S_Shenhe_01",
    "10635": "Skill_E_Shenhe_01",
    "10625": "Skill_E_Aloy_01",
    "10641": "Skill_A_03",
    "10642": "Skill_S_Yunjin_01",
    "10643": "Skill_E_Yunjin_01",
    "10651": "Skill_A_01",
    "10652": "Skill_S_Shinobu_01",
    "10655": "Skill_E_Shinobu_01",
    "10656": "Skill_A_03",
    "10657": "Skill_A_03",
    "10661": "Skill_A_01",
    "10662": "Skill_S_Ayato_01",
    "10663": "Skill_A_01",
    "10665": "Skill_E_Ayato_01",
    "10671": "Skill_A_02",
    "10672": "Skill_S_Collei_01",
    "10675": "Skill_E_Collei_01",
    "10674": "Skill_A_02",
    "10681": "Skill_A_04",
    "10682": "Skill_S_Dori_01",
    "10685": "Skill_E_Dori_01",
    "10691": "Skill_A_02",
    "10692": "Skill_S_Tighnari_01",
    "10693": "Skill_A_02",
    "10695": "Skill_E_Tighnari_01",
    "10701": "Skill_A_01",
    "10702": "Skill_S_Nilou_01",
    "10703": "Skill_S_Nilou_01",
    "10704": "Skill_S_Nilou_01",
    "10706": "Skill_S_Nilou_04",
    "10707": "Skill_S_Nilou_02",
    "10705": "Skill_E_Nilou_01",
    "10708": "Skill_S_Nilou_01",
    "10711": "Skill_A_03",
    "10712": "Skill_S_Cyno_01",
    "10713": "Skill_S_Cyno_02",
    "10715": "Skill_E_Cyno_01",
    "10721": "Skill_A_03",
    "10722": "Skill_S_Candace_01",
    "10725": "Skill_E_Candace_01",
    "10731": "Skill_A_Catalyst_MD",
    "10732": "Skill_S_Nahida_01",
    "10735": "Skill_E_Nahida_01",
    "10741": "Skill_A_01",
    "10742": "Skill_S_Layla_01",
    "10745": "Skill_E_Layla_01",
    "10751": "Skill_A_Catalyst_MD",
    "10752": "Skill_S_Wanderer_01",
    "10753": "Skill_E_Wanderer_01",
    "10755": "Skill_E_Wanderer_01",
    "10756": "Skill_S_Wanderer_04",
    "10757": "Skill_S_Wanderer_01",
    "10758": "Skill_A_Catalyst_MD",
    "10759": "Skill_S_Wanderer_02",
    "10750": "Skill_S_Wanderer_03",
    "10761": "Skill_A_02",
    "10762": "Skill_S_Faruzan_01",
    "10764": "Skill_A_02",
    "10765": "Skill_E_Faruzan_01",
    "10771": "Skill_A_03",
    "10772": "Skill_S_Yaoyao_01",
    "10775": "Skill_E_Yaoyao_01",
    "10781": "Skill_A_01",
    "10782": "Skill_S_Alhatham_01",
    "10785": "Skill_E_Alhatham_01",
    "10791": "Skill_A_04",
    "10792": "Skill_S_Dehya_01",
    "10793": "Skill_S_Dehya_02",
    "10794": "Skill_E_Dehya_02",
    "10795": "Skill_E_Dehya_01",
    "10801": "Skill_A_03",
    "10802": "Skill_S_Mika_01",
    "10805": "Skill_E_Mika_01",
    "20001": "Skill_A_Dvalin_AirGun",
    "20002": "Skill_A_Dvalin_AirGun",
    "20011": "Btn_FlightSprint",
    "20012": "Btn_Rises",
    "20020": "Btn_WaterSpirit_Skill",
    "20021": "Btn_BounceConjuring_Serve_S_01",
    "20022": "Btn_BounceConjuring_Hit_A_01",
    "20023": "Btn_BounceConjuring_Bomb_S_01",
    "20024": "Btn_BounceConjuring_Bomb_S_02",
    "20025": "Btn_BounceConjuring_Bomb_S_03",
    "20026": "Btn_BounceConjuring_Bomb_S_01",
    "20027": "Btn_BounceConjuring_Bomb_S_02",
    "20028": "Btn_BounceConjuring_Bomb_S_03",
    "20029": "Btn_BounceConjuring_Hit_A_01",
    "20030": "Skill_S_Monster_Shougun_EyeStrip",
    "20031": "Skill_E_Monster_Shougun_EyeStrip",
    "20032": "Btn_Temari_S_01",
    "20033": "",
    "20034": "",
    "20035": "Skill_S_LunaRiteQuest_BanSkill",
    "20036": "Skill_S_SummerTimeV2Quest_BanSkill",
    "20037": "Skill_E_SummerTimeV2Quest_BanSkill",
    "20040": "Btn_CatchAnimal_Shoot",
    "20041": "Btn_CatchAnimal_Shoot",
    "20042": "Btn_CatchAnimal_Shoot",
    "20043": "",
    "20044": "",
    "20045": "Btn_CatchAnimal_Shoot",
    "20049": "Btn_CatchAnimal_Shoot",
    "20051": "Btn_FungusFighter_Aim",
    "20054": "Skill_E_Gagana_AimShoot",
    "20055": "",
    "20056": "",
    "20057": "",
    "20058": "",
    "20100": "Btn_HideAndSeek_Seeker_A_01",
    "20101": "Btn_HideAndSeek_Seeker_A_01",
    "20110": "Btn_HideAndSeek_Seeker_S_01",
    "20111": "Btn_HideAndSeek_Seeker_S_02",
    "20120": "Btn_HideAndSeek_Seeker_E_01",
    "20121": "Btn_HideAndSeek_Seeker_E_02",
    "20122": "Btn_HideAndSeek_Seeker_E_03",
    "20200": "Btn_HideAndSeek_Hider_A_01",
    "20201": "Btn_HideAndSeek_Hider_A_03",
    "20210": "Btn_HideAndSeek_Hider_S_01",
    "20212": "Btn_HideAndSeek_Hider_S_01_Borbid",
    "20211": "Btn_HideAndSeek_Hider_S_02",
    "20213": "Btn_HideAndSeek_Hider_S_02_Borbid",
    "20220": "Btn_HideAndSeek_Hider_E_01",
    "20202": "Btn_HideAndSeek_Hider_A_01",
    "20203": "Btn_HideAndSeek_Hider_A_03",
    "20214": "Btn_HideAndSeek_Hider_S_02",
    "20215": "Btn_HideAndSeek_Hider_S_02_Borbid",
    "20400": "Btn_HideAndSeek_Seeker_A_01",
    "20401": "Btn_HideAndSeek_Seeker_A_01",
    "20410": "Btn_HideAndSeek_Seeker_S_01",
    "20411": "Btn_HideAndSeek_Seeker_S_02",
    "20420": "Btn_HideAndSeek_Seeker_E_01",
    "20421": "Btn_HideAndSeek_Seeker_E_02",
    "20422": "Btn_HideAndSeek_Seeker_E_03",
    "20500": "Btn_HideAndSeek_Hider_A_01",
    "20501": "Btn_HideAndSeek_Hider_A_03",
    "20510": "Btn_HideAndSeek_Hider_S_01",
    "20512": "Btn_HideAndSeek_Hider_S_01_Borbid",
    "20511": "Btn_HideAndSeek_Hider_S_02",
    "20513": "Btn_HideAndSeek_Hider_S_02_Borbid",
    "20520": "Btn_HideAndSeek_Hider_E_01",
    "20521": "UI_Icon_Skill_Hunter_Net",
    "20522": "Btn_HideAndSeek_Hider_S_02",
    "20523": "UI_Icon_Skill_Prey_Invisible_Bait",
    "20524": "Btn_HideAndSeek_Seeker_S_01",
    "20525": "Btn_HideAndSeek_Hider_A_01",
    "20526": "Btn_HideAndSeek_Hider_A_03",
    "20310": "",
    "20311": "Btn_Fishing_Cast",
    "20312": "Btn_Fishing_Battle",
    "20313": "Btn_Fishing_Battle",
    "20314": "Btn_Fishing_Pull",
    "20315": "Btn_Fishing_Exit",
    "20316": "Btn_Fishing_Bait",
    "20320": "Btn_Blocking",
    "20321": "Btn_Blocking_Burst01",
    "20322": "Btn_Blocking_Burst02",
    "20323": "Btn_Blocking_Burst03",
    "20330": "Btn_Arana_Shoot",
    "20331": "Btn_Arana_Exchange",
    "20340": "Btn_BrickBreaker_Launch",
    "20341": "Skill_LanV3_Icon05",
    "20342": "Skill_LanV3_Icon05",
    "20345": "Btn_PacMan",
    "10384": "Btn_Recon_Bait",
    "100540": "Skill_A_01",
    "100541": "Skill_A_01",
    "100542": "Skill_A_01",
    "100543": "Skill_A_01",
    "100544": "Skill_A_01",
    "100545": "Skill_A_01",
    "100546": "Skill_A_01",
    "100547": "Skill_A_01",
    "100550": "Skill_A_01",
    "100551": "Skill_A_01",
    "100552": "Skill_A_01",
    "100553": "Skill_A_01",
    "100554": "Skill_A_01",
    "100555": "Skill_A_01",
    "100556": "Skill_A_01",
    "100557": "Skill_A_01",
    "5002010": "Skill_A_01",
    "5003010": "Skill_A_01",
    "5005010": "Skill_A_01",
    "5005020": "Skill_A_01",
    "5005030": "Skill_A_01",
    "5005040": "Skill_A_01",
    "5005050": "Skill_A_01",
    "5005060": "Skill_A_01",
    "5005070": "Skill_A_01",
    "5005080": "Skill_A_01",
    "5006010": "Skill_A_Catalyst_MD",
    "5007010": "Skill_A_01",
    "5007020": "Skill_A_01",
    "5007030": "Skill_A_01",
    "5007040": "Skill_A_01",
    "5007050": "Skill_A_01",
    "5007060": "Skill_A_01",
    "5007070": "Skill_A_01",
    "5007080": "Skill_A_01",
    "5014010": "Skill_A_Catalyst_MD",
    "5015010": "Skill_A_01",
    "5016010": "Skill_A_04",
    "5020010": "Skill_A_04",
    "5021010": "Skill_A_02",
    "5022010": "Skill_A_02",
    "5023010": "Skill_A_03",
    "5024010": "Skill_A_04",
    "5025010": "Skill_A_01",
    "5026010": "Skill_A_03",
    "5027010": "Skill_A_Catalyst_MD",
    "5029010": "Skill_A_Catalyst_MD",
    "5030010": "Skill_A_03",
    "5031010": "Skill_A_02",
    "5032010": "Skill_A_01",
    "5033010": "Skill_A_02",
    "5034010": "Skill_A_04",
    "5035010": "Skill_A_01",
    "5036010": "Skill_A_04",
    "5037010": "Skill_A_02",
    "5038010": "Skill_A_01",
    "5039010": "Skill_A_02",
    "5041010": "Skill_A_Catalyst_MD",
    "5042010": "Skill_A_01",
    "5043010": "Skill_A_Catalyst_MD",
    "5044010": "Skill_A_04",
    "5045010": "Skill_A_03",
    "5046010": "Skill_A_03",
    "5047010": "Skill_A_01",
    "5048010": "Skill_A_Catalyst_MD",
    "5049010": "Skill_A_02",
    "5050010": "Skill_A_03",
    "5051010": "Skill_A_04",
    "5052010": "Skill_A_03",
    "5053010": "Skill_A_04",
    "5054010": "Skill_A_Catalyst_MD",
    "5055010": "Skill_A_02",
    "5056010": "Skill_A_02",
    "5058010": "Skill_A_Catalyst_MD",
    "5057010": "Skill_A_04",
    "5059010": "Skill_A_Catalyst_MD",
    "5060010": "Skill_A_02",
    "5062010": "Skill_A_02",
    "5063010": "Skill_A_03",
    "5064010": "Skill_A_03",
    "5065010": "Skill_A_01",
    "5066010": "Skill_A_01",
    "5067010": "Skill_A_02",
    "5068010": "Skill_A_04",
    "5069010": "Skill_A_02",
    "5070010": "Skill_A_01",
    "5071010": "Skill_A_03",
    "5072010": "Skill_A_03",
    "5073010": "Skill_A_Catalyst_MD",
    "5074010": "Skill_A_01",
    "5075010": "Skill_A_Catalyst_MD",
    "5076010": "Skill_A_02",
    "5077010": "Skill_A_03",
    "5078010": "Skill_A_01",
    "5079010": "Skill_A_04",
    "5080010": "Skill_A_03"
  },
  "Talent": {
    "胡桃": [
      1,
      2
    ],
    "托马": [
      1,
      2
    ],
    "宵宫": [
      1,
      2
    ],
    "烟绯": [
      1,
      2
    ],
    "可莉": [
      1,
      2
    ],
    "迪卢克": [
      1,
      2
    ],
    "辛焱": [
      1,
      2
    ],
    "安柏": [
      0,
      1
    ],
    "香菱": [
      2,
      1
    ],
    "班尼特": [
      1,
      2
    ],
    "珊瑚宫心海": [
      2,
      1
    ],
    "达达利亚": [
      1,
      2
    ],
    "行秋": [
      2,
      1
    ],
    "莫娜": [
      3,
      1
    ],
    "芭芭拉": [
      2,
      1
    ],
    "申鹤": [
      1,
      2
    ],
    "神里绫华": [
      2,
      1
    ],
    "优菈": [
      2,
      1
    ],
    "甘雨": [
      2,
      1
    ],
    "凯亚": [
      1,
      2
    ],
    "重云": [
      2,
      1
    ],
    "七七": [
      2,
      1
    ],
    "迪奥娜": [
      2,
      1
    ],
    "罗莎莉亚": [
      1,
      2
    ],
    "埃洛伊": [
      0,
      0
    ],
    "八重神子": [
      1,
      2
    ],
    "雷电将军": [
      2,
      1
    ],
    "九条裟罗": [
      2,
      1
    ],
    "刻晴": [
      2,
      1
    ],
    "雷泽": [
      2,
      1
    ],
    "菲谢尔": [
      1,
      2
    ],
    "丽莎": [
      2,
      1
    ],
    "北斗": [
      1,
      2
    ],
    "雷主": [
      1,
      0
    ],
    "早柚": [
      2,
      1
    ],
    "枫原万叶": [
      1,
      2
    ],
    "魈": [
      1,
      2
    ],
    "温迪": [
      2,
      1
    ],
    "琴": [
      2,
      1
    ],
    "砂糖": [
      1,
      2
    ],
    "风主": [
      1,
      0
    ],
    "荒泷一斗": [
      1,
      2
    ],
    "五郎": [
      1,
      2
    ],
    "阿贝多": [
      1,
      2
    ],
    "钟离": [
      1,
      2
    ],
    "诺艾尔": [
      1,
      2
    ],
    "凝光": [
      2,
      1
    ],
    "岩主": [
      1,
      0
    ],
    "草主": [
      0,
      1
    ],
    "云堇": [
      2,
      1
    ],
    "神里绫人": [
      1,
      2
    ],
    "夜兰": [
      2,
      1
    ],
    "久岐忍": [
      1,
      2
    ],
    "鹿野院平藏": [
      1,
      2
    ],
    "柯莱": [
      1,
      2
    ],
    "提纳里": [
      2,
      1
    ],
    "多莉": [
      1,
      2
    ],
    "赛诺": [
      2,
      1
    ],
    "坎蒂丝": [
      2,
      1
    ],
    "妮露": [
      2,
      1
    ],
    "纳西妲": [
      1,
      2
    ],
    "莱依拉": [
      1,
      2
    ],
    "流浪者": [
      2,
      1
    ],
    "珐露珊": [
      1,
      2
    ],
    "艾尔海森": [
      1,
      2
    ],
    "瑶瑶": [
      1,
      2
    ],
    "迪希雅": [
      2,
      1
    ],
    "米卡": [
      2,
      1
    ]
  }
}