{
  "芭芭拉": {
    "百分比生命值": 100,
    "百分比攻击力": 50,
    "暴击率": 50,
    "暴击伤害": 50,
    "元素伤害加成": 80,
    "元素充能效率": 55,
    "治疗加成": 100
  },
  "芭芭拉-暴力": {
    "百分比生命值": 50,
    "百分比攻击力": 75,
    "暴击率": 100,
    "暴击伤害": 100,
    "元素精通": 75,
    "元素伤害加成": 100,
    "元素充能效率": 30,
    "治疗加成": 50
  },
  "甘雨": {
    "百分比攻击力": 75,
    "暴击率": 100,
    "暴击伤害": 100,
    "元素精通": 75,
    "元素伤害加成": 100
  },
  "甘雨-永冻": {
    "百分比攻击力": 75,
    "暴击率": 100,
    "暴击伤害": 100,
    "元素伤害加成": 100,
    "元素充能效率": 55
  },
  "雷电将军": {
    "百分比攻击力": 75,
    "暴击率": 100,
    "暴击伤害": 100,
    "元素伤害加成": 75,
    "元素充能效率": 90
  },
  "雷电将军-精通": {
    "百分比攻击力": 75,
    "暴击率": 90,
    "暴击伤害": 90,
    "元素精通": 100,
    "元素伤害加成": 75,
    "元素充能效率": 90
  },
  "雷电将军-高精": {
    "百分比攻击力": 90,
    "暴击率": 100,
    "暴击伤害": 100,
    "元素伤害加成": 90,
    "元素充能效率": 90
  },
  "神里绫人": {
    "百分比生命值": 50,
    "百分比攻击力": 75,
    "暴击率": 100,
    "暴击伤害": 100,
    "元素伤害加成": 100,
    "元素充能效率": 30
  },
  "神里绫人-精通": {
    "百分比生命值": 45,
    "百分比攻击力": 60,
    "暴击率": 100,
    "暴击伤害": 100,
    "元素精通": 60,
    "元素伤害加成": 100,
    "元素充能效率": 30
  },
  "八重神子": {
    "百分比攻击力": 75,
    "暴击率": 100,
    "暴击伤害": 100,
    "元素精通": 75,
    "元素伤害加成": 100,
    "元素充能效率": 55
  },
  "申鹤": {
    "百分比攻击力": 100,
    "暴击率": 100,
    "暴击伤害": 100,
    "元素伤害加成": 100,
    "元素充能效率": 55
  },
  "云堇": {
    "百分比防御力": 100,
    "暴击率": 50,
    "暴击伤害": 50,
    "元素充能效率": 90
  },
  "云堇-输出": {
    "百分比攻击力": 75,
    "百分比防御力": 100,
    "暴击率": 100,
    "暴击伤害": 100,
    "元素伤害加成": 100,
    "元素充能效率": 75
  },
  "荒泷一斗": {
    "百分比攻击力": 50,
    "百分比防御力": 100,
    "暴击率": 100,
    "暴击伤害": 100,
    "元素伤害加成": 100,
    "元素充能效率": 30
  },
  "五郎": {
    "百分比攻击力": 75,
    "百分比防御力": 100,
    "暴击率": 50,
    "暴击伤害": 50,
    "元素伤害加成": 100,
    "元素充能效率": 75
  },
  "班尼特": {
    "百分比生命值": 100,
    "百分比攻击力": 50,
    "暴击率": 100,
    "暴击伤害": 100,
    "元素伤害加成": 80,
    "元素充能效率": 55,
    "治疗加成": 100
  },
  "枫原万叶": {
    "百分比攻击力": 75,
    "暴击率": 100,
    "暴击伤害": 100,
    "元素精通": 100,
    "元素伤害加成": 100,
    "元素充能效率": 55
  },
  "行秋": {
    "百分比攻击力": 75,
    "暴击率": 100,
    "暴击伤害": 100,
    "元素伤害加成": 100,
    "元素充能效率": 75
  },
  "行秋-蒸发": {
    "百分比攻击力": 75,
    "暴击率": 100,
    "暴击伤害": 100,
    "元素精通": 75,
    "元素伤害加成": 100,
    "元素充能效率": 75
  },
  "钟离": {
    "百分比生命值": 80,
    "百分比攻击力": 75,
    "暴击率": 100,
    "暴击伤害": 100,
    "元素伤害加成": 80,
    "物理伤害加成": 80,
    "元素充能效率": 55
  },
  "钟离-血牛": {
    "百分比生命值": 100,
    "百分比攻击力": 30,
    "暴击率": 41,
    "暴击伤害": 41,
    "元素充能效率": 30
  },
  "神里绫华": {
    "百分比攻击力": 75,
    "暴击率": 100,
    "暴击伤害": 100,
    "元素伤害加成": 100,
    "物理伤害加成": 100,
    "元素充能效率": 30
  },
  "神里绫华-精通": {
    "百分比攻击力": 75,
    "暴击率": 100,
    "暴击伤害": 100,
    "元素精通": 75,
    "元素伤害加成": 100,
    "元素充能效率": 30
  },
  "香菱": {
    "百分比攻击力": 75,
    "暴击率": 100,
    "暴击伤害": 100,
    "元素精通": 75,
    "元素伤害加成": 100,
    "元素充能效率": 55
  },
  "胡桃": {
    "百分比生命值": 80,
    "百分比攻击力": 50,
    "暴击率": 100,
    "暴击伤害": 100,
    "元素精通": 75,
    "元素伤害加成": 100
  },
  "胡桃-核爆": {
    "百分比生命值": 90,
    "百分比攻击力": 50,
    "暴击伤害": 100,
    "元素精通": 90,
    "元素伤害加成": 100
  },
  "温迪": {
    "百分比攻击力": 75,
    "暴击率": 100,
    "暴击伤害": 100,
    "元素精通": 75,
    "元素伤害加成": 100,
    "元素充能效率": 75
  },
  "温迪-充能": {
    "百分比攻击力": 75,
    "暴击率": 100,
    "暴击伤害": 100,
    "元素精通": 75,
    "元素伤害加成": 100,
    "元素充能效率": 100
  },
  "珊瑚宫心海": {
    "百分比生命值": 100,
    "百分比攻击力": 50,
    "元素伤害加成": 100,
    "元素充能效率": 55,
    "治疗加成": 100
  },
  "莫娜": {
    "百分比攻击力": 75,
    "暴击率": 100,
    "暴击伤害": 100,
    "元素精通": 75,
    "元素伤害加成": 100,
    "元素充能效率": 75
  },
  "阿贝多": {
    "百分比防御力": 100,
    "暴击率": 100,
    "暴击伤害": 100,
    "元素伤害加成": 100
  },
  "迪奥娜": {
    "百分比生命值": 100,
    "百分比攻击力": 50,
    "暴击率": 50,
    "暴击伤害": 50,
    "元素伤害加成": 100,
    "元素充能效率": 90,
    "治疗加成": 100
  },
  "优菈": {
    "百分比攻击力": 75,
    "暴击率": 100,
    "暴击伤害": 100,
    "物理伤害加成": 100,
    "元素充能效率": 55
  },
  "优菈-核爆": {
    "百分比攻击力": 100,
    "暴击伤害": 100,
    "物理伤害加成": 100
  },
  "达达利亚": {
    "百分比攻击力": 75,
    "暴击率": 100,
    "暴击伤害": 100,
    "元素精通": 75,
    "元素伤害加成": 100,
    "元素充能效率": 30
  },
  "魈": {
    "百分比攻击力": 75,
    "暴击率": 100,
    "暴击伤害": 100,
    "元素伤害加成": 100,
    "元素充能效率": 55
  },
  "宵宫": {
    "百分比攻击力": 75,
    "暴击率": 100,
    "暴击伤害": 100,
    "元素精通": 75,
    "元素伤害加成": 100
  },
  "宵宫-纯火": {
    "百分比攻击力": 85,
    "暴击率": 100,
    "暴击伤害": 100,
    "元素伤害加成": 100
  },
  "宵宫-精通": {
    "百分比攻击力": 75,
    "暴击率": 100,
    "暴击伤害": 100,
    "元素精通": 100,
    "元素伤害加成": 100
  },
  "九条裟罗": {
    "百分比攻击力": 75,
    "暴击率": 100,
    "暴击伤害": 100,
    "元素伤害加成": 100,
    "元素充能效率": 55
  },
  "琴": {
    "百分比攻击力": 75,
    "暴击率": 100,
    "暴击伤害": 100,
    "元素伤害加成": 100,
    "物理伤害加成": 100,
    "元素充能效率": 55,
    "治疗加成": 100
  },
  "菲谢尔": {
    "百分比攻击力": 75,
    "暴击率": 100,
    "暴击伤害": 100,
    "元素精通": 75,
    "元素伤害加成": 100,
    "物理伤害加成": 60
  },
  "罗莎莉亚": {
    "百分比攻击力": 75,
    "暴击率": 100,
    "暴击伤害": 100,
    "元素伤害加成": 70,
    "物理伤害加成": 80,
    "元素充能效率": 30
  },
  "可莉": {
    "百分比攻击力": 75,
    "暴击率": 100,
    "暴击伤害": 100,
    "元素精通": 75,
    "元素伤害加成": 100,
    "元素充能效率": 30
  },
  "可莉-纯火": {
    "百分比攻击力": 85,
    "暴击率": 100,
    "暴击伤害": 100,
    "元素伤害加成": 100,
    "元素充能效率": 55
  },
  "凝光": {
    "百分比攻击力": 75,
    "暴击率": 100,
    "暴击伤害": 100,
    "元素伤害加成": 100,
    "元素充能效率": 30
  },
  "北斗": {
    "百分比攻击力": 75,
    "暴击率": 100,
    "暴击伤害": 100,
    "元素精通": 75,
    "元素伤害加成": 100,
    "元素充能效率": 55
  },
  "刻晴": {
    "百分比攻击力": 75,
    "暴击率": 100,
    "暴击伤害": 100,
    "元素伤害加成": 100,
    "物理伤害加成": 100
  },
  "刻晴-精通": {
    "百分比攻击力": 75,
    "暴击率": 100,
    "暴击伤害": 100,
    "元素精通": 75,
    "元素伤害加成": 100
  },
  "托马": {
    "百分比生命值": 90,
    "百分比攻击力": 55,
    "暴击率": 90,
    "暴击伤害": 90,
    "元素伤害加成": 90,
    "元素充能效率": 55
  },
  "迪卢克": {
    "百分比攻击力": 75,
    "暴击率": 100,
    "暴击伤害": 100,
    "元素精通": 75,
    "元素伤害加成": 100
  },
  "诺艾尔": {
    "百分比攻击力": 50,
    "百分比防御力": 90,
    "暴击率": 100,
    "暴击伤害": 100,
    "元素伤害加成": 100,
    "元素充能效率": 70
  },
  "空": {
    "百分比攻击力": 75,
    "暴击率": 100,
    "暴击伤害": 100,
    "元素精通": 75,
    "元素伤害加成": 100,
    "元素充能效率": 55
  },
  "荧": {
    "百分比攻击力": 75,
    "暴击率": 100,
    "暴击伤害": 100,
    "元素精通": 75,
    "元素伤害加成": 100,
    "元素充能效率": 55
  },
  "重云": {
    "百分比攻击力": 75,
    "暴击率": 100,
    "暴击伤害": 100,
    "元素精通": 75,
    "元素伤害加成": 100,
    "元素充能效率": 55
  },
  "七七": {
    "百分比攻击力": 75,
    "暴击率": 100,
    "暴击伤害": 100,
    "元素伤害加成": 100,
    "物理伤害加成": 100,
    "元素充能效率": 55,
    "治疗加成": 100
  },
  "凯亚": {
    "百分比攻击力": 75,
    "暴击率": 100,
    "暴击伤害": 100,
    "元素伤害加成": 100,
    "物理伤害加成": 100,
    "元素充能效率": 30
  },
  "烟绯": {
    "百分比攻击力": 75,
    "暴击率": 100,
    "暴击伤害": 100,
    "元素精通": 75,
    "元素伤害加成": 100,
    "元素充能效率": 30
  },
  "早柚": {
    "百分比攻击力": 75,
    "暴击率": 100,
    "暴击伤害": 100,
    "元素精通": 100,
    "元素伤害加成": 100,
    "元素充能效率": 55,
    "治疗加成": 100
  },
  "安柏": {
    "百分比攻击力": 75,
    "暴击率": 100,
    "暴击伤害": 100,
    "元素精通": 75,
    "元素伤害加成": 100,
    "物理伤害加成": 100
  },
  "丽莎": {
    "百分比攻击力": 75,
    "暴击率": 100,
    "暴击伤害": 100,
    "元素精通": 75,
    "元素伤害加成": 100
  },
  "埃洛伊": {
    "百分比攻击力": 75,
    "暴击率": 100,
    "暴击伤害": 100,
    "元素伤害加成": 100
  },
  "辛焱": {
    "百分比攻击力": 75,
    "百分比防御力": 75,
    "暴击率": 100,
    "暴击伤害": 100,
    "元素伤害加成": 100,
    "物理伤害加成": 100
  },
  "砂糖": {
    "百分比攻击力": 75,
    "暴击率": 100,
    "暴击伤害": 100,
    "元素精通": 100,
    "元素伤害加成": 75,
    "元素充能效率": 55
  },
  "雷泽": {
    "百分比攻击力": 75,
    "暴击率": 100,
    "暴击伤害": 100,
    "元素伤害加成": 100,
    "物理伤害加成": 100
  },
  "夜兰": {
    "百分比生命值": 80,
    "暴击率": 100,
    "暴击伤害": 100,
    "元素伤害加成": 100,
    "元素充能效率": 55
  },
  "夜兰-精通": {
    "百分比生命值": 80,
    "暴击率": 100,
    "暴击伤害": 100,
    "元素精通": 75,
    "元素伤害加成": 100,
    "元素充能效率": 55
  },
  "夜兰-若水": {
    "百分比生命值": 100,
    "暴击率": 100,
    "暴击伤害": 100,
    "元素伤害加成": 100,
    "元素充能效率": 55
  },
  "夜兰-精通若水": {
    "百分比生命值": 100,
    "暴击率": 100,
    "暴击伤害": 100,
    "元素精通": 75,
    "元素伤害加成": 100,
    "元素充能效率": 55
  },
  "久岐忍": {
    "百分比生命值": 100,
    "百分比攻击力": 50,
    "暴击率": 100,
    "暴击伤害": 100,
    "元素精通": 75,
    "元素伤害加成": 100,
    "元素充能效率": 55,
    "治疗加成": 100
  },
  "鹿野院平藏": {
    "百分比攻击力": 75,
    "暴击率": 100,
    "暴击伤害": 100,
    "元素精通": 75,
    "元素伤害加成": 100,
    "元素充能效率": 30
  },
  "提纳里": {
    "百分比攻击力": 75,
    "暴击率": 100,
    "暴击伤害": 100,
    "元素精通": 90,
    "元素伤害加成": 100,
    "元素充能效率": 30
  },
  "柯莱": {
    "百分比攻击力": 75,
    "暴击率": 100,
    "暴击伤害": 100,
    "元素精通": 75,
    "元素伤害加成": 100,
    "元素充能效率": 30
  },
  "赛诺": {
    "百分比攻击力": 75,
    "暴击率": 100,
    "暴击伤害": 100,
    "元素精通": 75,
    "元素伤害加成": 100
  },
  "坎蒂丝": {
    "百分比生命值": 75,
    "百分比攻击力": 75,
    "暴击率": 100,
    "暴击伤害": 100,
    "元素伤害加成": 100,
    "元素充能效率": 55
  },
  "妮露": {
    "百分比生命值": 100,
    "暴击率": 100,
    "暴击伤害": 100,
    "元素精通": 80,
    "元素伤害加成": 100,
    "元素充能效率": 30
  },
  "纳西妲": {
    "百分比攻击力": 55,
    "暴击率": 100,
    "暴击伤害": 100,
    "元素精通": 100,
    "元素伤害加成": 100,
    "元素充能效率": 55
  },
  "多莉": {
    "百分比生命值": 75,
    "百分比攻击力": 75,
    "暴击率": 100,
    "暴击伤害": 100,
    "元素伤害加成": 75,
    "元素充能效率": 55,
    "治疗加成": 100
  },
  "莱依拉": {
    "百分比生命值": 100,
    "百分比攻击力": 75,
    "暴击率": 100,
    "暴击伤害": 100,
    "元素伤害加成": 100,
    "元素充能效率": 35
  },
  "流浪者": {
    "百分比攻击力": 80,
    "暴击率": 100,
    "暴击伤害": 100,
    "元素伤害加成": 100,
    "元素充能效率": 35
  },
  "珐露珊": {
    "百分比攻击力": 75,
    "暴击率": 100,
    "暴击伤害": 100,
    "元素伤害加成": 75,
    "元素充能效率": 75
  },
  "瑶瑶": {
    "百分比生命值": 100,
    "百分比攻击力": 75,
    "暴击率": 100,
    "暴击伤害": 100,
    "元素伤害加成": 100,
    "元素充能效率": 75,
    "治疗加成": 75
  },
  "艾尔海森": {
    "百分比攻击力": 75,
    "暴击率": 100,
    "暴击伤害": 100,
    "元素精通": 100,
    "元素伤害加成": 100,
    "元素充能效率": 35
  },
  "迪希雅": {
    "百分比生命值": 75,
    "百分比攻击力": 75,
    "暴击率": 100,
    "暴击伤害": 100,
    "元素伤害加成": 100,
    "元素充能效率": 75
  },
  "迪希雅-血牛": {
    "百分比生命值": 100,
    "百分比攻击力": 30,
    "暴击率": 41,
    "暴击伤害": 41,
    "元素充能效率": 35
  }
}