{
  "Name": {
    "2410593283": "无锋剑",
    "2125206395": "银剑",
    "479076483": "冷刃",
    "1608953539": "黎明神剑",
    "3673792067": "旅行剑",
    "160493219": "暗铁剑",
    "3421967235": "吃虎鱼刀",
    "1388004931": "飞天御剑",
    "2474354867": "西风剑",
    "3587621259": "笛剑",
    "1990641987": "祭礼剑",
    "2375993851": "宗室长剑",
    "1321135667": "匣里龙吟",
    "1991707099": "试作斩岩",
    "4103022435": "铁蜂刺",
    "3378007475": "黑岩长剑",
    "3796905611": "黑剑",
    "2947140987": "暗巷闪光",
    "1773425155": "降临之剑",
    "2749853923": "腐殖之剑",
    "1990820123": "天目影打刀",
    "342097547": "辰砂之纺锤",
    "1012170803": "笼钓瓶一心",
    "313300315": "原木刀",
    "143051931": "西福斯的月光",
    "1499745907": "「一心传」名刀",
    "1538092267": "「一心传」名刀",
    "3464027035": "「一心传」名刀",
    "2448629019": "东花坊时雨",
    "902264035": "风鹰剑",
    "4055003299": "天空之刃",
    "2949448555": "苍古自由之誓",
    "944332883": "斫峰之刃",
    "1345343763": "磐岩结绿",
    "4124851547": "雾切之回光",
    "1600275315": "波乱月白经津",
    "454086795": "圣显之钥",
    "275622963": "裁叶萃光",
    "2666951267": "训练大剑",
    "1182966603": "佣兵重剑",
    "1479961579": "铁影阔剑",
    "4090429643": "沐浴龙血的剑",
    "850802171": "白铁大剑",
    "1516554699": "石英大剑",
    "3097441915": "以理服人",
    "2614170427": "飞天大御剑",
    "735056795": "西风大剑",
    "930640955": "钟剑",
    "1675686363": "祭礼大剑",
    "877751435": "宗室大剑",
    "3684723963": "雨裁",
    "3722933411": "试作古华",
    "680510411": "白影剑",
    "20848859": "黑岩斩刀",
    "1437658243": "螭骨剑",
    "2006422931": "千岩古剑",
    "2753539619": "雪葬的星银",
    "346510395": "衔珠海皇",
    "4193089947": "桂木斩长正",
    "3073454867": "玛海菈的水色",
    "2359799475": "恶王丸",
    "902184579": "森林王器",
    "1200948859": "饰铁之花",
    "1089950259": "天空之傲",
    "3995710363": "狼的末路",
    "1075647299": "松籁响起之时",
    "2792766467": "无工之剑",
    "3914951691": "赤角石溃杵",
    "2834063555": "苇海信标",
    "2796697027": "新手长枪",
    "3070169307": "铁尖枪",
    "1390797107": "白缨枪",
    "618786571": "钺矛",
    "4103766499": "黑缨枪",
    "500612819": "「旗杆」",
    "2664629131": "匣里灭辰",
    "1154009435": "试作星镰",
    "578575283": "流月针",
    "481755219": "黑岩刺枪",
    "4049410651": "决斗之枪",
    "716252627": "千岩长枪",
    "3755004051": "西风长枪",
    "2935286715": "宗室猎枪",
    "3443142923": "龙脊长枪",
    "2491797315": "喜多院十文字",
    "1148024603": "「渔获」",
    "4122509083": "断浪长鳍",
    "452357939": "贯月矢",
    "1470442731": "风信之锋",
    "3235324891": "护摩之杖",
    "4158505619": "天空之脊",
    "197755235": "贯虹之槊",
    "1997709467": "和璞鸢",
    "688991243": "息灾",
    "3717849275": "薙草之稻光",
    "4238339131": "赤沙之杖",
    "3584825427": "学徒笔记",
    "2705029563": "口袋魔导书",
    "2279290283": "魔导绪论",
    "3500935003": "讨龙英杰谭",
    "1406746947": "异世界行记",
    "2963220587": "翡玉法球",
    "3719372715": "甲级宝珏",
    "302691299": "琥珀玥",
    "623534363": "西风秘典",
    "1163263227": "流浪乐章",
    "2195665683": "祭礼残章",
    "3827789435": "宗室秘法录",
    "37147251": "匣里日月",
    "2521338131": "试作金珀",
    "1072884907": "万国诸海图谱",
    "3273999011": "黑岩绯玉",
    "3156385731": "昭心",
    "3090373787": "暗巷的酒与诗",
    "2587614459": "忍冬之果",
    "3456986819": "嘟嘟可故事集",
    "2324146259": "白辰之环",
    "2539208459": "证誓之明瞳",
    "426363739": "流浪的晚星",
    "2267978875": "盈满之实",
    "807607555": "天空之卷",
    "1455107995": "四风原典",
    "693354267": "尘世之锁",
    "1890163363": "不灭月华",
    "310247243": "神乐之真意",
    "1201790667": "千夜浮梦",
    "359484419": "图莱杜拉的回忆",
    "3600623979": "猎弓",
    "2340970067": "历练的猎弓",
    "3975746731": "鸦羽弓",
    "656120259": "神射手之誓",
    "4267718859": "反曲弓",
    "1021898539": "弹弓",
    "4139294531": "信使",
    "2242027395": "黑檀弓",
    "1240067179": "西风猎弓",
    "2556914683": "绝弦",
    "2400012995": "祭礼弓",
    "2832648187": "宗室长弓",
    "3169209451": "弓藏",
    "3625393819": "试作澹月",
    "411685275": "钢轮弓",
    "3447737235": "黑岩战弓",
    "3439749859": "苍翠猎弓",
    "2417717595": "暗巷猎手",
    "2425414923": "落霞",
    "3949653579": "幽夜华尔兹",
    "650049651": "风花之颂",
    "4186179883": "破魔之弓",
    "540938627": "掠食者",
    "1860795787": "曚云之月",
    "3176599083": "王下近侍",
    "3063191787": "竭泽",
    "3933622347": "天空之翼",
    "828711395": "阿莫斯之弓",
    "3112679155": "终末嗟叹之诗",
    "1901973075": "冬极白星",
    "4230231107": "若水",
    "2918525947": "飞雷之弦振",
    "1348687251": "猎人之径",
    "4137694339": "(test)竿测试",
    "2719832059": "(test)穿模测试",
    "500987603": "(test)穿模测试",
    "1595734083": "(test)穿模测试",
    "2009975571": "(test)穿模测试",
    "4162981171": "(test)穿模测试",
    "3762437019": "(test)穿模测试"
  },
  "Type": {
    "无锋剑": "单手剑",
    "银剑": "单手剑",
    "冷刃": "单手剑",
    "黎明神剑": "单手剑",
    "旅行剑": "单手剑",
    "暗铁剑": "单手剑",
    "吃虎鱼刀": "单手剑",
    "飞天御剑": "单手剑",
    "西风剑": "单手剑",
    "笛剑": "单手剑",
    "祭礼剑": "单手剑",
    "宗室长剑": "单手剑",
    "匣里龙吟": "单手剑",
    "试作斩岩": "单手剑",
    "铁蜂刺": "单手剑",
    "黑岩长剑": "单手剑",
    "黑剑": "单手剑",
    "暗巷闪光": "单手剑",
    "降临之剑": "单手剑",
    "腐殖之剑": "单手剑",
    "天目影打刀": "单手剑",
    "辰砂之纺锤": "单手剑",
    "笼钓瓶一心": "单手剑",
    "原木刀": "单手剑",
    "西福斯的月光": "单手剑",
    "「一心传」名刀": "单手剑",
    "东花坊时雨": "单手剑",
    "风鹰剑": "单手剑",
    "天空之刃": "单手剑",
    "苍古自由之誓": "单手剑",
    "斫峰之刃": "单手剑",
    "磐岩结绿": "单手剑",
    "雾切之回光": "单手剑",
    "波乱月白经津": "单手剑",
    "圣显之钥": "单手剑",
    "裁叶萃光": "单手剑",
    "训练大剑": "双手剑",
    "佣兵重剑": "双手剑",
    "铁影阔剑": "双手剑",
    "沐浴龙血的剑": "双手剑",
    "白铁大剑": "双手剑",
    "石英大剑": "双手剑",
    "以理服人": "双手剑",
    "飞天大御剑": "双手剑",
    "西风大剑": "双手剑",
    "钟剑": "双手剑",
    "祭礼大剑": "双手剑",
    "宗室大剑": "双手剑",
    "雨裁": "双手剑",
    "试作古华": "双手剑",
    "白影剑": "双手剑",
    "黑岩斩刀": "双手剑",
    "螭骨剑": "双手剑",
    "千岩古剑": "双手剑",
    "雪葬的星银": "双手剑",
    "衔珠海皇": "双手剑",
    "桂木斩长正": "双手剑",
    "玛海菈的水色": "双手剑",
    "恶王丸": "双手剑",
    "森林王器": "双手剑",
    "饰铁之花": "双手剑",
    "天空之傲": "双手剑",
    "狼的末路": "双手剑",
    "松籁响起之时": "双手剑",
    "无工之剑": "双手剑",
    "赤角石溃杵": "双手剑",
    "苇海信标": "双手剑",
    "新手长枪": "长柄武器",
    "铁尖枪": "长柄武器",
    "白缨枪": "长柄武器",
    "钺矛": "长柄武器",
    "黑缨枪": "长柄武器",
    "「旗杆」": "长柄武器",
    "匣里灭辰": "长柄武器",
    "试作星镰": "长柄武器",
    "流月针": "长柄武器",
    "黑岩刺枪": "长柄武器",
    "决斗之枪": "长柄武器",
    "千岩长枪": "长柄武器",
    "西风长枪": "长柄武器",
    "宗室猎枪": "长柄武器",
    "龙脊长枪": "长柄武器",
    "喜多院十文字": "长柄武器",
    "「渔获」": "长柄武器",
    "断浪长鳍": "长柄武器",
    "贯月矢": "长柄武器",
    "风信之锋": "长柄武器",
    "护摩之杖": "长柄武器",
    "天空之脊": "长柄武器",
    "贯虹之槊": "长柄武器",
    "和璞鸢": "长柄武器",
    "息灾": "长柄武器",
    "薙草之稻光": "长柄武器",
    "赤沙之杖": "长柄武器",
    "学徒笔记": "法器",
    "口袋魔导书": "法器",
    "魔导绪论": "法器",
    "讨龙英杰谭": "法器",
    "异世界行记": "法器",
    "翡玉法球": "法器",
    "甲级宝珏": "法器",
    "琥珀玥": "法器",
    "西风秘典": "法器",
    "流浪乐章": "法器",
    "祭礼残章": "法器",
    "宗室秘法录": "法器",
    "匣里日月": "法器",
    "试作金珀": "法器",
    "万国诸海图谱": "法器",
    "黑岩绯玉": "法器",
    "昭心": "法器",
    "暗巷的酒与诗": "法器",
    "忍冬之果": "法器",
    "嘟嘟可故事集": "法器",
    "白辰之环": "法器",
    "证誓之明瞳": "法器",
    "流浪的晚星": "法器",
    "盈满之实": "法器",
    "天空之卷": "法器",
    "四风原典": "法器",
    "尘世之锁": "法器",
    "不灭月华": "法器",
    "神乐之真意": "法器",
    "千夜浮梦": "法器",
    "图莱杜拉的回忆": "法器",
    "猎弓": "弓",
    "历练的猎弓": "弓",
    "鸦羽弓": "弓",
    "神射手之誓": "弓",
    "反曲弓": "弓",
    "弹弓": "弓",
    "信使": "弓",
    "黑檀弓": "弓",
    "西风猎弓": "弓",
    "绝弦": "弓",
    "祭礼弓": "弓",
    "宗室长弓": "弓",
    "弓藏": "弓",
    "试作澹月": "弓",
    "钢轮弓": "弓",
    "黑岩战弓": "弓",
    "苍翠猎弓": "弓",
    "暗巷猎手": "弓",
    "落霞": "弓",
    "幽夜华尔兹": "弓",
    "风花之颂": "弓",
    "破魔之弓": "弓",
    "掠食者": "弓",
    "曚云之月": "弓",
    "王下近侍": "弓",
    "竭泽": "弓",
    "天空之翼": "弓",
    "阿莫斯之弓": "弓",
    "终末嗟叹之诗": "弓",
    "冬极白星": "弓",
    "若水": "弓",
    "飞雷之弦振": "弓",
    "猎人之径": "弓",
    "(test)竿测试": "单手剑",
    "(test)穿模测试": "弓"
  },
  "Icon": {
    "无锋剑": "UI_EquipIcon_Sword_Blunt",
    "银剑": "UI_EquipIcon_Sword_Silver",
    "冷刃": "UI_EquipIcon_Sword_Steel",
    "黎明神剑": "UI_EquipIcon_Sword_Dawn",
    "旅行剑": "UI_EquipIcon_Sword_Traveler",
    "暗铁剑": "UI_EquipIcon_Sword_Darker",
    "吃虎鱼刀": "UI_EquipIcon_Sword_Sashimi",
    "飞天御剑": "UI_EquipIcon_Sword_Mitsurugi",
    "西风剑": "UI_EquipIcon_Sword_Zephyrus",
    "笛剑": "UI_EquipIcon_Sword_Troupe",
    "祭礼剑": "UI_EquipIcon_Sword_Fossil",
    "宗室长剑": "UI_EquipIcon_Sword_Theocrat",
    "匣里龙吟": "UI_EquipIcon_Sword_Rockkiller",
    "试作斩岩": "UI_EquipIcon_Sword_Proto",
    "铁蜂刺": "UI_EquipIcon_Sword_Exotic",
    "黑岩长剑": "UI_EquipIcon_Sword_Blackrock",
    "黑剑": "UI_EquipIcon_Sword_Bloodstained",
    "暗巷闪光": "UI_EquipIcon_Sword_Outlaw",
    "降临之剑": "UI_EquipIcon_Sword_Psalmus",
    "腐殖之剑": "UI_EquipIcon_Sword_Magnum",
    "天目影打刀": "UI_EquipIcon_Sword_Bakufu",
    "辰砂之纺锤": "UI_EquipIcon_Sword_Opus",
    "笼钓瓶一心": "UI_EquipIcon_Sword_Youtou",
    "原木刀": "UI_EquipIcon_Sword_Arakalari",
    "西福斯的月光": "UI_EquipIcon_Sword_Pleroma",
    "「一心传」名刀": "UI_EquipIcon_Sword_YoutouEnchanted",
    "东花坊时雨": "UI_EquipIcon_Sword_Kasabouzu",
    "风鹰剑": "UI_EquipIcon_Sword_Falcon",
    "天空之刃": "UI_EquipIcon_Sword_Dvalin",
    "苍古自由之誓": "UI_EquipIcon_Sword_Widsith",
    "斫峰之刃": "UI_EquipIcon_Sword_Kunwu",
    "磐岩结绿": "UI_EquipIcon_Sword_Morax",
    "雾切之回光": "UI_EquipIcon_Sword_Narukami",
    "波乱月白经津": "UI_EquipIcon_Sword_Amenoma",
    "圣显之钥": "UI_EquipIcon_Sword_Deshret",
    "裁叶萃光": "UI_EquipIcon_Sword_Ayus",
    "训练大剑": "UI_EquipIcon_Claymore_Aniki",
    "佣兵重剑": "UI_EquipIcon_Claymore_Oyaji",
    "铁影阔剑": "UI_EquipIcon_Claymore_Glaive",
    "沐浴龙血的剑": "UI_EquipIcon_Claymore_Siegfry",
    "白铁大剑": "UI_EquipIcon_Claymore_Tin",
    "石英大剑": "UI_EquipIcon_Claymore_Quartz",
    "以理服人": "UI_EquipIcon_Claymore_Reasoning",
    "飞天大御剑": "UI_EquipIcon_Claymore_Mitsurugi",
    "西风大剑": "UI_EquipIcon_Claymore_Zephyrus",
    "钟剑": "UI_EquipIcon_Claymore_Troupe",
    "祭礼大剑": "UI_EquipIcon_Claymore_Fossil",
    "宗室大剑": "UI_EquipIcon_Claymore_Theocrat",
    "雨裁": "UI_EquipIcon_Claymore_Perdue",
    "试作古华": "UI_EquipIcon_Claymore_Proto",
    "白影剑": "UI_EquipIcon_Claymore_Exotic",
    "黑岩斩刀": "UI_EquipIcon_Claymore_Blackrock",
    "螭骨剑": "UI_EquipIcon_Claymore_Kione",
    "千岩古剑": "UI_EquipIcon_Claymore_Lapis",
    "雪葬的星银": "UI_EquipIcon_Claymore_Dragonfell",
    "衔珠海皇": "UI_EquipIcon_Claymore_MillenniaTuna",
    "桂木斩长正": "UI_EquipIcon_Claymore_Bakufu",
    "玛海菈的水色": "UI_EquipIcon_Claymore_Pleroma",
    "恶王丸": "UI_EquipIcon_Claymore_Maria",
    "森林王器": "UI_EquipIcon_Claymore_Arakalari",
    "饰铁之花": "UI_EquipIcon_Claymore_Fleurfair",
    "天空之傲": "UI_EquipIcon_Claymore_Dvalin",
    "狼的末路": "UI_EquipIcon_Claymore_Wolfmound",
    "松籁响起之时": "UI_EquipIcon_Claymore_Widsith",
    "无工之剑": "UI_EquipIcon_Claymore_Kunwu",
    "赤角石溃杵": "UI_EquipIcon_Claymore_Itadorimaru",
    "苇海信标": "UI_EquipIcon_Claymore_Deshret",
    "新手长枪": "UI_EquipIcon_Pole_Gewalt",
    "铁尖枪": "UI_EquipIcon_Pole_Rod",
    "白缨枪": "UI_EquipIcon_Pole_Ruby",
    "钺矛": "UI_EquipIcon_Pole_Halberd",
    "黑缨枪": "UI_EquipIcon_Pole_Noire",
    "「旗杆」": "UI_EquipIcon_Pole_Flagpole",
    "匣里灭辰": "UI_EquipIcon_Pole_Stardust",
    "试作星镰": "UI_EquipIcon_Pole_Proto",
    "流月针": "UI_EquipIcon_Pole_Exotic",
    "黑岩刺枪": "UI_EquipIcon_Pole_Blackrock",
    "决斗之枪": "UI_EquipIcon_Pole_Gladiator",
    "千岩长枪": "UI_EquipIcon_Pole_Lapis",
    "西风长枪": "UI_EquipIcon_Pole_Zephyrus",
    "宗室猎枪": "UI_EquipIcon_Pole_Theocrat",
    "龙脊长枪": "UI_EquipIcon_Pole_Everfrost",
    "喜多院十文字": "UI_EquipIcon_Pole_Bakufu",
    "「渔获」": "UI_EquipIcon_Pole_Mori",
    "断浪长鳍": "UI_EquipIcon_Pole_Maria",
    "贯月矢": "UI_EquipIcon_Pole_Arakalari",
    "风信之锋": "UI_EquipIcon_Pole_Windvane",
    "护摩之杖": "UI_EquipIcon_Pole_Homa",
    "天空之脊": "UI_EquipIcon_Pole_Dvalin",
    "贯虹之槊": "UI_EquipIcon_Pole_Kunwu",
    "和璞鸢": "UI_EquipIcon_Pole_Morax",
    "息灾": "UI_EquipIcon_Pole_Santika",
    "薙草之稻光": "UI_EquipIcon_Pole_Narukami",
    "赤沙之杖": "UI_EquipIcon_Pole_Deshret",
    "学徒笔记": "UI_EquipIcon_Catalyst_Apprentice",
    "口袋魔导书": "UI_EquipIcon_Catalyst_Pocket",
    "魔导绪论": "UI_EquipIcon_Catalyst_Intro",
    "讨龙英杰谭": "UI_EquipIcon_Catalyst_Pulpfic",
    "异世界行记": "UI_EquipIcon_Catalyst_Lightnov",
    "翡玉法球": "UI_EquipIcon_Catalyst_Jade",
    "甲级宝珏": "UI_EquipIcon_Catalyst_Phoney",
    "琥珀玥": "UI_EquipIcon_Catalyst_Amber",
    "西风秘典": "UI_EquipIcon_Catalyst_Zephyrus",
    "流浪乐章": "UI_EquipIcon_Catalyst_Troupe",
    "祭礼残章": "UI_EquipIcon_Catalyst_Fossil",
    "宗室秘法录": "UI_EquipIcon_Catalyst_Theocrat",
    "匣里日月": "UI_EquipIcon_Catalyst_Resurrection",
    "试作金珀": "UI_EquipIcon_Catalyst_Proto",
    "万国诸海图谱": "UI_EquipIcon_Catalyst_Exotic",
    "黑岩绯玉": "UI_EquipIcon_Catalyst_Blackrock",
    "昭心": "UI_EquipIcon_Catalyst_Truelens",
    "暗巷的酒与诗": "UI_EquipIcon_Catalyst_Outlaw",
    "忍冬之果": "UI_EquipIcon_Catalyst_Everfrost",
    "嘟嘟可故事集": "UI_EquipIcon_Catalyst_Ludiharpastum",
    "白辰之环": "UI_EquipIcon_Catalyst_Bakufu",
    "证誓之明瞳": "UI_EquipIcon_Catalyst_Jyanome",
    "流浪的晚星": "UI_EquipIcon_Catalyst_Pleroma",
    "盈满之实": "UI_EquipIcon_Catalyst_Arakalari",
    "天空之卷": "UI_EquipIcon_Catalyst_Dvalin",
    "四风原典": "UI_EquipIcon_Catalyst_Fourwinds",
    "尘世之锁": "UI_EquipIcon_Catalyst_Kunwu",
    "不灭月华": "UI_EquipIcon_Catalyst_Kaleido",
    "神乐之真意": "UI_EquipIcon_Catalyst_Narukami",
    "千夜浮梦": "UI_EquipIcon_Catalyst_Ayus",
    "图莱杜拉的回忆": "UI_EquipIcon_Catalyst_Alaya",
    "猎弓": "UI_EquipIcon_Bow_Hunters",
    "历练的猎弓": "UI_EquipIcon_Bow_Old",
    "鸦羽弓": "UI_EquipIcon_Bow_Crowfeather",
    "神射手之誓": "UI_EquipIcon_Bow_Arjuna",
    "反曲弓": "UI_EquipIcon_Bow_Curve",
    "弹弓": "UI_EquipIcon_Bow_Sling",
    "信使": "UI_EquipIcon_Bow_Msg",
    "黑檀弓": "UI_EquipIcon_Bow_Hardwood",
    "西风猎弓": "UI_EquipIcon_Bow_Zephyrus",
    "绝弦": "UI_EquipIcon_Bow_Troupe",
    "祭礼弓": "UI_EquipIcon_Bow_Fossil",
    "宗室长弓": "UI_EquipIcon_Bow_Theocrat",
    "弓藏": "UI_EquipIcon_Bow_Recluse",
    "试作澹月": "UI_EquipIcon_Bow_Proto",
    "钢轮弓": "UI_EquipIcon_Bow_Exotic",
    "黑岩战弓": "UI_EquipIcon_Bow_Blackrock",
    "苍翠猎弓": "UI_EquipIcon_Bow_Viridescent",
    "暗巷猎手": "UI_EquipIcon_Bow_Outlaw",
    "落霞": "UI_EquipIcon_Bow_Fallensun",
    "幽夜华尔兹": "UI_EquipIcon_Bow_Nachtblind",
    "风花之颂": "UI_EquipIcon_Bow_Fleurfair",
    "破魔之弓": "UI_EquipIcon_Bow_Bakufu",
    "掠食者": "UI_EquipIcon_Bow_Predator",
    "曚云之月": "UI_EquipIcon_Bow_Maria",
    "王下近侍": "UI_EquipIcon_Bow_Arakalari",
    "竭泽": "UI_EquipIcon_Bow_Fin",
    "天空之翼": "UI_EquipIcon_Bow_Dvalin",
    "阿莫斯之弓": "UI_EquipIcon_Bow_Amos",
    "终末嗟叹之诗": "UI_EquipIcon_Bow_Widsith",
    "冬极白星": "UI_EquipIcon_Bow_Worldbane",
    "若水": "UI_EquipIcon_Bow_Kirin",
    "飞雷之弦振": "UI_EquipIcon_Bow_Narukami",
    "猎人之径": "UI_EquipIcon_Bow_Ayus",
    "(test)竿测试": "UI_EquipIcon_FishingRod",
    "(test)穿模测试": "UI_EquipIcon_Bow_Template"
  }
}